type,name,latitude_deg,longitude_deg,iso_country,scheduled_service,iata_code
medium_airport,Anaa Airport,-17.3526,-145.509995,PF,yes,AAA
large_airport,El Arish International Airport,31.055324,33.827964,EG,yes,AAC
large_airport,Annaba Rabah Bitat Airport,36.826781,7.81334,DZ,yes,AAE
small_airport,Aranuka Airport,0.185278,173.636993,KI,yes,AAK
large_airport,Aalborg Airport,57.094763,9.84993,DK,yes,AAL
large_airport,Al Ain International Airport,24.2617,55.6092,AE,yes,AAN
medium_airport,Aji Pangeran Tumenggung Pranoto International Airport,-0.374478,117.250128,ID,yes,AAP
medium_airport,Anapa Vityazevo Airport,45.002102,37.347301,RU,yes,AAQ
large_airport,Aarhus Airport,56.303331,10.618286,DK,yes,AAR
medium_airport,Altay Xuedu Airport,47.749886,88.085808,CN,yes,AAT
medium_airport,Romeu Zema Airport,-19.5632,-46.9604,BR,yes,AAX
medium_airport,Al Ghaydah International Airport,16.193341,52.174186,YE,yes,AAY
small_airport,Quezaltenango Airport,14.8656,-91.501999,GT,yes,AAZ
large_airport,Abakan International Airport,53.740002,91.385002,RU,yes,ABA
large_airport,Asaba International Airport,6.204167,6.665278,NG,yes,ABB
large_airport,Abadan Ayatollah Jami International Airport,30.367887,48.230075,IR,yes,ABD
medium_airport,Lehigh Valley International Airport,40.651773,-75.442797,US,yes,ABE
medium_airport,Abilene Regional Airport,32.4113006592,-99.68190002440001,US,yes,ABI
large_airport,Félix-Houphouët-Boigny International Airport,5.26139,-3.92629,CI,yes,ABJ
medium_airport,Kebri Dahar Airport,6.732577,44.241339,ET,yes,ABK
medium_airport,Ambler Airport,67.105529,-157.855339,US,yes,ABL
small_airport,Northern Peninsula Airport,-10.946194,142.455081,AU,yes,ABM
large_airport,Albuquerque International Sunport,35.039976,-106.608925,US,yes,ABQ
medium_airport,Aberdeen Regional Airport,45.449100494384766,-98.42179870605469,US,yes,ABR
medium_airport,Abu Simbel Airport,22.375924,31.611734,EG,yes,ABS
medium_airport,King Saud Bin Abdulaziz (Al Baha) Airport,20.298506,41.636153,SA,yes,ABT
small_airport,AA Bere Tallo (Haliwen) Airport,-9.074841,124.903285,ID,yes,ABU
large_airport,Nnamdi Azikiwe International Airport,9.00679,7.26317,NG,yes,ABV
medium_airport,Albury Airport,-36.066758,146.959148,AU,yes,ABX
medium_airport,Southwest Georgia Regional Airport,31.532946,-84.196215,US,yes,ABY
large_airport,Aberdeen International Airport,57.2019,-2.19778,GB,yes,ABZ
large_airport,General Juan N. Álvarez International Airport,16.757126,-99.753113,MX,yes,ACA
large_airport,Kotoka International Airport,5.605189800262451,-0.16678600013256073,GH,yes,ACC
large_airport,César Manrique-Lanzarote Airport,28.945499,-13.6052,ES,yes,ACE
small_airport,Aral Tarim Airport,40.434748,81.26206,CN,yes,ACF
medium_airport,Sankt Gallen Altenrhein Airport,47.485001,9.56077,CH,yes,ACH
medium_airport,Alderney Airport,49.706104,-2.21472,GG,yes,ACI
medium_airport,Nantucket Memorial Airport,41.25310135,-70.06020355,US,yes,ACK
medium_airport,Waco Regional Airport,31.611299514770508,-97.23049926757812,US,yes,ACT
medium_airport,California Redwood Coast-Humboldt County Airport,40.978101,-124.109,US,yes,ACV
medium_airport,Xingyi Wanfenglin Airport,25.083423,104.960804,CN,yes,ACX
medium_airport,Atlantic City International Airport,39.456201,-74.577511,US,yes,ACY
large_airport,Adana Şakirpaşa Airport,36.982201,35.280399,TR,yes,ADA
large_airport,Adnan Menderes International Airport,38.2924,27.157,TR,yes,ADB
large_airport,Addis Ababa Bole International Airport,8.97789,38.799301,ET,yes,ADD
large_airport,Aden International Airport,12.829564,45.029976,YE,yes,ADE
medium_airport,Adıyaman Airport,37.7314,38.468899,TR,yes,ADF
large_airport,Marka International (Amman Civil) Airport,31.9727,35.9916,JO,yes,ADJ
medium_airport,Adak Airport,51.883564,-176.642783,US,yes,ADK
large_airport,Adelaide International Airport,-34.947512,138.533393,AU,yes,ADL
medium_airport,Kodiak Airport,57.75,-152.4940033,US,yes,ADQ
medium_airport,Ardabil Airport,38.3256988525,48.4244003296,IR,yes,ADU
large_airport,Gustavo Rojas Pinilla International Airport,12.5836,-81.7112,CO,yes,ADZ
medium_airport,Baise (Bose) Bama Airport,23.7206,106.959999,CN,yes,AEB
medium_airport,Abeche Airport,13.847,20.844299,TD,yes,AEH
large_airport,Aeroparque Jorge Newbery,-34.559419,-58.415536,AR,yes,AEP
large_airport,Sochi International Airport,43.449902,39.9566,RU,yes,AER
large_airport,Ålesund Airport,62.560443,6.110845,NO,yes,AES
small_airport,Allakaket Airport,66.551804,-152.621994,US,yes,AET
medium_airport,Abu Musa Island Airport,25.8757,55.033001,IR,yes,AEU
medium_airport,Alexandria International Airport,31.325828,-92.546702,US,yes,AEX
large_airport,Akureyri International Airport,65.656573,-18.072018,IS,yes,AEY
medium_airport,Suboficial Ay Santiago Germano Airport,-34.588299,-68.4039,AR,yes,AFA
medium_airport,Piloto Osvaldo Marques Dias Airport,-9.866389,-56.106298,BR,yes,AFL
medium_airport,Sabzevar National Airport,36.16809844970703,57.59519958496094,IR,yes,AFZ
large_airport,Al Massira Airport,30.322478,-9.412003,MA,yes,AGA
small_airport,Wangerooge Airport,53.782544,7.919584,DE,yes,AGE
medium_airport,Ängelholm-Helsingborg Airport,56.29610061645508,12.847100257873535,SE,yes,AGH
small_airport,Wageningen Airstrip,5.841252,-56.673247,SR,yes,AGI
small_airport,Aguni Airport,26.592755,127.240335,JP,yes,AGJ
heliport,Tasiilaq Heliport,65.612296,-37.618335,GL,yes,AGM
seaplane_base,Angoon Seaplane Base,57.497097,-134.56722,US,yes,AGN
large_airport,Málaga-Costa del Sol Airport,36.6749,-4.49911,ES,yes,AGP
medium_airport,Agra Airport / Agra Air Force Station,27.157975,77.961025,IN,yes,AGR
medium_airport,Augusta Regional At Bush Field,33.3699,-81.9645,US,yes,AGS
large_airport,Guaraní International Airport,-25.457186,-54.839544,PY,yes,AGT
large_airport,Aguascalientes International Airport,21.699589,-102.318372,MX,yes,AGU
medium_airport,Agatti Airport,10.8237,72.176003,IN,yes,AGX
medium_airport,Maa Mahamaya Airport,22.98753,83.19612,IN,yes,AHA
large_airport,Abha International Airport,18.2404,42.656601,SA,yes,AHB
medium_airport,Ahe Airport,-14.428099632263184,-146.2570037841797,PF,yes,AHE
medium_airport,Alghero-Fertilia Airport,40.632099,8.29077,IT,yes,AHO
medium_airport,Alliance Municipal Airport,42.052543,-102.803965,US,yes,AIA
medium_airport,Wainwright Airport,70.638,-159.994995,US,yes,AIN
small_airport,Adampur Airport,31.4338,75.758797,IN,yes,AIP
small_airport,Aitutaki Airport,-18.8309,-159.764008,CK,yes,AIT
small_airport,Enua Airport,-19.96780014038086,-158.11900329589844,CK,yes,AIU
medium_airport,Ajaccio Napoléon Bonaparte airport,41.923599,8.80292,FR,yes,AJA
large_airport,Al-Jawf International Airport,29.783301,40.100905,SA,yes,AJF
medium_airport,Ağrı Airport,39.655642,43.025742,TR,yes,AJI
medium_airport,Lengpui Airport,23.840599,92.619698,IN,yes,AJL
medium_airport,Ouani Airport,-12.131047,44.430044,KM,yes,AJN
medium_airport,Arvidsjaur Airport,65.59030151367188,19.28190040588379,SE,yes,AJR
medium_airport,Aracaju - Santa Maria Airport,-10.98394,-37.072873,BR,yes,AJU
small_airport,Ankang Fuqiang Airport,32.75696,108.87338,CN,yes,AKA
small_airport,Atka Airport,52.220299,-174.205994,US,yes,AKB
medium_airport,Kufra Airport,24.178699493408203,23.31399917602539,LY,yes,AKF
small_airport,Akiak Airport,60.902646,-161.23106,US,yes,AKI
medium_airport,Asahikawa Airport,43.670799,142.447006,JP,yes,AKJ
small_airport,Akhiok Airport,56.938702,-154.182999,US,yes,AKK
large_airport,Auckland International Airport,-37.01199,174.786331,NZ,yes,AKL
medium_airport,King Salmon Airport,58.677845,-156.651965,US,yes,AKN
medium_airport,Anaktuvuk Pass Airport,68.133598,-151.742996,US,yes,AKP
medium_airport,Akure Airport,7.246739864349365,5.3010101318359375,NG,yes,AKR
small_airport,Gwaunaru'u Airport,-8.70257,160.682007,SB,yes,AKS
medium_airport,Aksu Hongqipo Airport,41.262501,80.291702,CN,yes,AKU
small_airport,Akulivik Airport,60.8186,-78.148598,CA,yes,AKV
large_airport,Aktobe International Airport,50.248116,57.204144,KZ,yes,AKX
medium_airport,Sittwe Airport,20.133165,92.870693,MM,yes,AKY
large_airport,Almaty International Airport,43.354267,77.042828,KZ,yes,ALA
large_airport,Albany International Airport,42.748299,-73.801697,US,yes,ALB
large_airport,Alicante-Elche Miguel Hernández Airport,38.2822,-0.558156,ES,yes,ALC
medium_airport,Alta Airport,69.976097,23.3717,NO,yes,ALF
large_airport,Houari Boumediene Airport,36.693886,3.214531,DZ,yes,ALG
medium_airport,Albany Airport,-34.943333,117.808889,AU,yes,ALH
medium_airport,Waterloo Regional Airport,42.557098388671875,-92.40029907226562,US,yes,ALO
large_airport,Aleppo International Airport,36.181262,37.226869,SY,yes,ALP
medium_airport,San Luis Valley Regional Airport/Bergman Field,37.434898,-105.866997,US,yes,ALS
medium_airport,Walla Walla Regional Airport,46.09489822,-118.288002,US,yes,ALW
seaplane_base,Alitak Seaplane Base,56.897294,-154.249692,US,yes,ALZ
medium_airport,Rick Husband Amarillo International Airport,35.217857,-101.706444,US,yes,AMA
large_airport,Sardar Vallabh Patel International Airport,23.0772,72.634697,IN,yes,AMD
medium_airport,Arba Minch Airport,6.03939,37.5905,ET,yes,AMH
large_airport,Queen Alia International Airport,31.7226009369,35.9931983948,JO,yes,AMM
large_airport,Pattimura International Airport,-3.71026,128.089005,ID,yes,AMQ
large_airport,Amsterdam Airport Schiphol,52.308601,4.76389,NL,yes,AMS
medium_airport,Amderma Airport,69.76329803466797,61.556400299072266,RU,yes,AMV
large_airport,Ted Stevens Anchorage International Airport,61.179004,-149.992561,US,yes,ANC
large_airport,Andrés Sabella Gálvez International Airport,-23.445274,-70.445232,CL,yes,ANF
medium_airport,Aniak Airport,61.581600189208984,-159.54299926757812,US,yes,ANI
medium_airport,Antwerp International Airport (Deurne),51.190667,4.463153,BE,yes,ANR
small_airport,Andahuaylas Airport,-13.706399917602539,-73.35040283203125,PE,yes,ANS
large_airport,V. C. Bird International Airport,17.1367,-61.792702,AG,yes,ANU
medium_airport,Anvik Airport,62.646702,-160.190994,US,yes,ANV
medium_airport,"Andøya Airport, Andenes",69.295193,16.139379,NO,yes,ANX
large_airport,Hasan Polatkan Airport,39.811644,30.519268,TR,yes,AOE
medium_airport,Anshan Teng'ao Airport / Anshan Air Base,41.105301,122.853996,CN,yes,AOG
medium_airport,Marche Airport,43.616299,13.3623,IT,yes,AOI
large_airport,Aomori Airport,40.733777,140.689477,JP,yes,AOJ
medium_airport,Karpathos Airport,35.421398,27.146,GR,yes,AOK
medium_airport,Altoona Blair County Airport,40.296398,-78.32,US,yes,AOO
heliport,Aappilattoq Heliport,72.88703,-55.596287,GL,yes,AOQ
medium_airport,Sultan Abdul Halim Airport,6.189670085906982,100.39800262451172,MY,yes,AOR
seaplane_base,Amook Bay Seaplane Base,57.4715003967,-153.815002441,US,yes,AOS
small_airport,Apataki Airport,-15.5736,-146.414993,PF,yes,APK
large_airport,Nampula Airport,-15.1056,39.281799,MZ,yes,APL
medium_airport,Alpena County Regional Airport,45.0780983,-83.56030273,US,yes,APN
medium_airport,Antonio Roldán Betancur Airport,7.81196,-76.7164,CO,yes,APO
large_airport,Faleolo International Airport,-13.83,-172.007996,WS,yes,APW
medium_airport,Araraquara Airport,-21.812,-48.132999,BR,yes,AQA
medium_airport,Anqing Tianzhushan Airport / Anqing North Air Base,30.582199,117.050003,CN,yes,AQG
large_airport,Qaisumah–Hafar Al-Batin International Airport,28.335726,46.127108,SA,yes,AQI
large_airport,King Hussein International Airport,29.611601,35.018101,JO,yes,AQJ
large_airport,Rodríguez Ballón International Airport,-16.340786,-71.569485,PE,yes,AQP
medium_airport,Arctic Village Airport,68.1147,-145.578995,US,yes,ARC
small_airport,Alor Island - Mali Airport,-8.13234,124.597,ID,yes,ARD
medium_airport,Talagi Airport,64.60030364990234,40.71670150756836,RU,yes,ARH
medium_airport,Chacalluta International Airport,-18.348499,-70.338699,CL,yes,ARI
medium_airport,Arusha Airport,-3.3677899837493896,36.63330078125,TZ,yes,ARK
medium_airport,Armidale Airport,-30.528099060099997,151.617004395,AU,yes,ARM
large_airport,Stockholm-Arlanda Airport,59.64849,17.928829,SE,yes,ARN
medium_airport,Watertown International Airport,43.991901,-76.021698,US,yes,ART
medium_airport,Araçatuba Airport,-21.141479,-50.424575,BR,yes,ARU
medium_airport,Arad International Airport,46.176136,21.264322,RO,yes,ARW
large_airport,Ashgabat International Airport,37.986801,58.361,TM,yes,ASB
medium_airport,Andros Town Airport,24.697901,-77.795601,BS,yes,ASD
medium_airport,Aspen-Pitkin County Airport (Sardy Field),39.223202,-106.869003,US,yes,ASE
large_airport,Astrakhan Narimanovo Boris M. Kustodiev International Airport,46.282843,48.010511,RU,yes,ASF
medium_airport,RAF Ascension Island,-7.970179,-14.392744,SH,yes,ASI
medium_airport,Amami Airport,28.430599212646484,129.71299743652344,JP,yes,ASJ
medium_airport,Asmara International Airport,15.2919,38.910702,ER,yes,ASM
medium_airport,Asosa Airport,10.018500328063965,34.586299896240234,ET,yes,ASO
medium_airport,Alice Springs Airport,-23.806588,133.903427,AU,yes,ASP
large_airport,Kayseri Erkilet International Airport,38.770401,35.495399,TR,yes,ASR
large_airport,Silvio Pettirossi International Airport,-25.240156,-57.519227,PY,yes,ASU
medium_airport,Amboseli Airport,-2.644786,37.252922,KE,yes,ASV
large_airport,Aswan International Airport,23.961075,32.820382,EG,yes,ASW
medium_airport,Arthur's Town Airport,24.6294,-75.673797,BS,yes,ATC
large_airport,Athens Eleftherios Venizelos International Airport,37.936401,23.9445,GR,yes,ATH
medium_airport,Atqasuk Edward Burnell Sr Memorial Airport,70.46704,-157.436013,US,yes,ATK
large_airport,Hartsfield Jackson Atlanta International Airport,33.6367,-84.428101,US,yes,ATL
medium_airport,Altamira Interstate Airport,-3.253144,-52.253938,BR,yes,ATM
large_airport,Sri Guru Ram Das Ji International Airport,31.7096,74.797302,IN,yes,ATQ
small_airport,Atmautluak Airport,60.866699,-162.272996,US,yes,ATT
medium_airport,Appleton International Airport,44.258515,-88.519,US,yes,ATW
medium_airport,Watertown Regional Airport,44.91400146,-97.15470123,US,yes,ATY
large_airport,Asyut International Airport,27.045962,31.01276,EG,yes,ATZ
large_airport,Queen Beatrix International Airport,12.501056,-70.014281,AW,yes,AUA
medium_airport,Santiago Perez Airport,7.06888,-70.7369,CO,yes,AUC
medium_airport,Augusta State Airport,44.320598602299995,-69.7973022461,US,yes,AUG
large_airport,Zayed International Airport,24.440966,54.649237,AE,yes,AUH
small_airport,Alakanuk Airport,62.682653,-164.722481,US,yes,AUK
small_airport,Aur Island Airport,8.14528,171.173004,MH,yes,AUL
medium_airport,Hiva Oa-Atuona Airport,-9.76879024506,-139.011001587,PF,yes,AUQ
medium_airport,Aurillac airport,44.891399,2.42194,FR,yes,AUR
large_airport,Austin Bergstrom International Airport,30.197535,-97.662015,US,yes,AUS
small_airport,Aurukun Airport,-13.354019,141.720028,AU,yes,AUU
medium_airport,Araguaína Airport,-7.22787,-48.240501,BR,yes,AUX
medium_airport,Anshun Huangguoshu Airport,26.260556,105.873333,CN,yes,AVA
medium_airport,Arvaikheer Airport,46.250301361083984,102.802001953125,MN,yes,AVK
medium_airport,Asheville Regional Airport,35.435488,-82.541853,US,yes,AVL
medium_airport,Avignon Caumont airport,43.907299,4.90183,FR,yes,AVN
medium_airport,Wilkes-Barre/Scranton International Airport,41.337064,-75.724232,US,yes,AVP
large_airport,Melbourne Avalon International Airport,-38.040269,144.467196,AU,yes,AVV
large_airport,Hawassa International Airport,7.100611,38.396455,ET,yes,AWA
medium_airport,Wake Island Airfield,19.282437,166.636637,UM,yes,AWK
large_airport,Qasem Soleimani International Airport,31.3364,48.763789,IR,yes,AWZ
medium_airport,Clayton J. Lloyd International Airport,18.204773,-63.05383,AI,yes,AXA
medium_airport,Alexandroupoli Democritus Airport,40.8559,25.956301,GR,yes,AXD
medium_airport,Alxa Left Banner Bayanhot Airport,38.748317,105.58416,CN,yes,AXF
medium_airport,Amakusa Airport,32.482498,130.158997,JP,yes,AXJ
medium_airport,El Eden Airport,4.45278,-75.7664,CO,yes,AXM
medium_airport,Spring Point Airport,22.441799,-73.970901,BS,yes,AXP
medium_airport,Arutua Airport,-15.248299598693848,-146.61700439453125,PF,yes,AXR
medium_airport,Akita Airport,39.615601,140.218994,JP,yes,AXT
medium_airport,Axum Airport,14.1468,38.7728,ET,yes,AXU
medium_airport,Maharshi Valmiki International Airport,26.747736,82.163664,IN,yes,AYJ
medium_airport,Air Force Colonel Alfredo Mendivil Duarte Airport,-13.1548,-74.204399,PE,yes,AYP
medium_airport,Ayers Rock Connellan Airport,-25.185913,130.97703,AU,yes,AYQ
large_airport,Antalya International Airport,36.898701,30.800501,TR,yes,AYT
medium_airport,Mesa Gateway Airport,33.3078,-111.654999,US,yes,AZA
medium_airport,Shahid Sadooghi Airport,31.9048995972,54.2765007019,IR,yes,AZD
medium_airport,Andijan International Airport,40.727699,72.293999,UZ,yes,AZN
medium_airport,Kalamazoo/Battle Creek International Airport,42.232105,-85.549637,US,yes,AZO
medium_airport,Touat-Cheikh Sidi Mohamed Belkebir Airport,27.837601,-0.186414,DZ,yes,AZR
medium_airport,Samaná El Catey International Airport,19.269259,-69.737405,DO,yes,AZS
medium_airport,Loakan Airport,16.375034,120.619949,PH,yes,BAG
large_airport,Bahrain International Airport,26.267295,50.63764,BH,yes,BAH
medium_airport,Batman Airport,37.929001,41.1166,TR,yes,BAL
large_airport,Ernesto Cortissoz International Airport,10.8896,-74.7808,CO,yes,BAQ
medium_airport,Qionghai Bo'ao Airport,19.140951,110.452766,CN,yes,BAR
small_airport,Ballalae Airport,-6.990745,155.886656,SB,yes,BAS
large_airport,Baotou Donghe International Airport,40.560001,109.997002,CN,yes,BAV
large_airport,Barnaul Gherman Titov International Airport,53.361285,83.539701,RU,yes,BAX
medium_airport,Maramureș International Airport,47.658444,23.464445,RO,yes,BAY
small_airport,Barcelos Airport,-0.981191,-62.918603,BR,yes,BAZ
medium_airport,Balmaceda Airport,-45.915968,-71.689499,CL,yes,BBA
small_airport,Butaritari Airport,3.08583,172.811005,KI,yes,BBG
large_airport,Biju Patnaik International Airport,20.251021,85.814747,IN,yes,BBI
large_airport,Kasane International Airport,-17.831653,25.166195,BW,yes,BBK
medium_airport,Battambang Airport,13.0956,103.223999,KH,yes,BBM
medium_airport,Bario Airport,3.734648,115.478548,MY,yes,BBN
medium_airport,Berbera Airport,10.385035,44.936723,SO,yes,BBO
medium_airport,Burton-Nibbs International Airport,17.621194,-61.798347,AG,yes,BBQ
small_airport,Basse-Terre Baillif Airport,16.013648,-61.742928,GP,yes,BBR
large_airport,Bucharest Băneasa Aurel Vlaicu International Airport,44.503133,26.102944,RO,yes,BBU
medium_airport,Gustavo Rizo Airport,20.365299224853516,-74.5062026977539,CU,yes,BCA
large_airport,Bacolod-Silay International Airport,10.776237,123.018879,PH,yes,BCD
medium_airport,Baucau Airport,-8.486479,126.399981,TL,yes,BCH
medium_airport,Barcaldine Airport,-23.566268,145.302086,AU,yes,BCI
large_airport,Bacău George Enescu International  Airport,46.5219,26.910299,RO,yes,BCM
large_airport,Josep Tarradellas Barcelona-El Prat Airport,41.2971,2.07846,ES,yes,BCN
medium_airport,Jinka Airport,5.749655,36.560165,ET,yes,BCO
large_airport,Sir Abubakar Tafawa Balewa Bauchi State International Airport,10.482833,9.744,NG,yes,BCU
large_airport,L.F. Wade International Airport,32.363802,-64.67824,BM,yes,BDA
medium_airport,Bundaberg Airport,-24.905039,152.322612,AU,yes,BDB
small_airport,Badu Island Airport,-10.14955,142.173665,AU,yes,BDD
medium_airport,Bandar Lengeh International Airport,26.532283,54.82484,IR,yes,BDH
large_airport,Syamsudin Noor International Airport,-3.440112,114.761209,ID,yes,BDJ
large_airport,Bradley International Airport,41.938555,-72.688016,US,yes,BDL
medium_airport,Husein Sastranegara International Airport,-6.90063,107.575996,ID,yes,BDO
small_airport,Bhadrapur Airport,26.5708007812,88.07959747310001,NP,yes,BDP
large_airport,Vadodara International Airport,22.336201,73.226303,IN,yes,BDQ
large_airport,Brindisi Airport,40.6576,17.947001,IT,yes,BDS
medium_airport,Gbadolite Airport,4.252745,20.975271,CD,yes,BDT
medium_airport,Bardufoss Airport,69.055801,18.5404,NO,yes,BDU
medium_airport,Benbecula Airport,57.481098,-7.36278,GB,yes,BEB
medium_airport,Laurence G Hanscom Field,42.470001,-71.289001,US,yes,BED
medium_airport,Bluefields Airport,11.991,-83.774101,NI,yes,BEF
large_airport,Belgrade Nikola Tesla Airport,44.818401,20.309099,RS,yes,BEG
medium_airport,Kalimarau Airport,2.14776,117.430705,ID,yes,BEJ
medium_airport,Bareilly Air Force Station,28.4221,79.450798,IN,yes,BEK
large_airport,Val de Cans/Júlio Cezar Ribeiro International Airport,-1.379279,-48.476207,BR,yes,BEL
large_airport,Beni Mellal Airport,32.401895,-6.315905,MA,yes,BEM
large_airport,Benina International Airport,32.096802,20.269501,LY,yes,BEN
large_airport,Berlin Brandenburg Airport,52.361738,13.502341,DE,yes,BER
large_airport,Brest Bretagne airport,48.447899,-4.41854,FR,yes,BES
medium_airport,Bethel Airport,60.77980042,-161.8379974,US,yes,BET
medium_airport,Bedourie Airport,-24.3461,139.460007,AU,yes,BEU
large_airport,Beira International Airport,-19.7964,34.9076,MZ,yes,BEW
large_airport,Beirut Rafic Hariri International Airport,33.819833,35.487443,LB,yes,BEY
medium_airport,Bradford Regional Airport,41.8031005859375,-78.64009857177734,US,yes,BFD
medium_airport,Western Neb. Rgnl/William B. Heilig Airport,41.87400055,-103.5960007,US,yes,BFF
medium_airport,King County International Airport - Boeing Field,47.527042,-122.29995,US,yes,BFI
medium_airport,Bijie Feixiong Airport,27.267066,105.472097,CN,yes,BFJ
medium_airport,Meadows Field,35.433601,-119.056999,US,yes,BFL
large_airport,Bram Fischer International Airport,-29.092699,26.302401,ZA,yes,BFN
small_airport,Bahia Piña Airport,7.58737,-78.179939,PA,yes,BFQ
large_airport,Belfast International Airport,54.6575012207,-6.2158298492399995,GB,yes,BFS
medium_airport,Buri Ram Airport,15.2295,103.252998,TH,yes,BFV
medium_airport,Bengbu Tenghu Airport,33.166292,117.058344,CN,yes,BFY
medium_airport,Palonegro Airport,7.1265,-73.1848,CO,yes,BGA
medium_airport,Bragança Airport,41.8578,-6.70713,PT,yes,BGC
large_airport,Bangui M'Poko International Airport,4.39848,18.518801,CF,yes,BGF
small_airport,Bingöl Airport,38.860131,40.594489,TR,yes,BGG
large_airport,Grantley Adams International Airport,13.074667,-59.491034,BB,yes,BGI
small_airport,Big Creek Airport,16.519369,-88.407913,BZ,yes,BGK
medium_airport,Greater Binghamton/Edwin A Link field,42.20869827,-75.97979736,US,yes,BGM
large_airport,"Bergen Airport, Flesland",60.2934,5.21814,NO,yes,BGO
medium_airport,Bangor International Airport,44.806364,-68.826668,US,yes,BGR
large_airport,Baghdad International Airport / New Al Muthana Air Base,33.262501,44.2346,IQ,yes,BGW
large_airport,Il Caravaggio International Airport,45.669362,9.708851,IT,yes,BGY
medium_airport,Hancock County-Bar Harbor Airport,44.45000076,-68.3615036,US,yes,BHB
medium_airport,George Best Belfast City Airport,54.618099,-5.8725,GB,yes,BHD
medium_airport,Woodbourne Airport,-41.5182991027832,173.8699951171875,NZ,yes,BHE
medium_airport,Bisha Airport,19.9844,42.620899,SA,yes,BHH
medium_airport,Comandante Espora Airport,-38.725,-62.1693,AR,yes,BHI
medium_airport,Bhuj Airport,23.2877998352,69.6701965332,IN,yes,BHJ
large_airport,Bukhara International Airport,39.775319,64.482279,UZ,yes,BHK
large_airport,Birmingham-Shuttlesworth International Airport,33.562877,-86.750712,US,yes,BHM
large_airport,Raja Bhoj International Airport,23.2875,77.337402,IN,yes,BHO
medium_airport,Broken Hill Airport,-32.0013999939,141.472000122,AU,yes,BHQ
small_airport,Bharatpur Airport,27.678101,84.429398,NP,yes,BHR
medium_airport,Bathurst Airport,-33.406817,149.651161,AU,yes,BHS
medium_airport,Bhavnagar Airport,21.752199173,72.1852035522,IN,yes,BHU
medium_airport,Bahawalpur Airport,29.348100662231445,71.71800231933594,PK,yes,BHV
large_airport,Birmingham Airport,52.453899,-1.74803,GB,yes,BHX
medium_airport,Beihai Fucheng Airport,21.538659,109.293683,CN,yes,BHY
large_airport,Bastia-Poretta International airport,42.5527,9.48373,FR,yes,BIA
small_airport,Block Island State Airport,41.168446,-71.578631,US,yes,BID
medium_airport,Eastern Sierra Regional Airport,37.3731,-118.363998,US,yes,BIH
medium_airport,Frans Kaisiepo Airport,-1.19002,136.108002,ID,yes,BIK
medium_airport,Billings Logan International Airport,45.808932,-108.541242,US,yes,BIL
medium_airport,South Bimini Airport,25.6998996735,-79.2647018433,BS,yes,BIM
large_airport,Bilbao Airport,43.301102,-2.91061,ES,yes,BIO
medium_airport,Biarritz Pays Basque airport,43.468372,-1.523223,FR,yes,BIQ
medium_airport,Biratnagar Airport,26.48150062561035,87.26399993896484,NP,yes,BIR
medium_airport,Bismarck Municipal Airport,46.772734,-100.746874,US,yes,BIS
large_airport,Soummam–Abane Ramdane Airport,36.712547,5.069909,DZ,yes,BJA
medium_airport,Bojnord Airport,37.49300003051758,57.30820083618164,IR,yes,BJB
medium_airport,Rocky Mountain Metropolitan Airport,39.908798,-105.116997,US,yes,BJC
medium_airport,Båtsfjord Airport,70.60025,29.692612,NO,yes,BJF
large_airport,Banjul International Airport,13.338,-16.652201,GM,yes,BJL
large_airport,Bujumbura Melchior Ndadaye International Airport,-3.32402,29.318501,BI,yes,BJM
medium_airport,Bahir Dar Airport,11.6081,37.321602,ET,yes,BJR
seaplane_base,Bentota River Waterdrome,6.431,79.996,LK,yes,BJT
large_airport,Milas Bodrum International Airport,37.249314,27.66401,TR,yes,BJV
large_airport,Guanajuato International Airport,20.992695,-101.480284,MX,yes,BJX
medium_airport,Badajoz Airport,38.8913,-6.82133,ES,yes,BJZ
small_airport,Buckland Airport,65.981598,-161.149002,US,yes,BKC
seaplane_base,Lake Brooks Seaplane Base,58.554798,-155.776993,US,yes,BKF
medium_airport,Branson Airport,36.532082,-93.200544,US,yes,BKG
large_airport,Kota Kinabalu International Airport,5.932743,116.049324,MY,yes,BKI
large_airport,Suvarnabhumi Airport,13.6811,100.747002,TH,yes,BKK
small_airport,Bakalalan Airport,3.974,115.617996,MY,yes,BKM
medium_airport,Balkanabat International Airport,39.681052,54.206008,TM,yes,BKN
large_airport,Modibo Keita International Airport,12.5335,-7.94994,ML,yes,BKO
medium_airport,Blackall Airport,-24.431678,145.429716,AU,yes,BKQ
medium_airport,Fatmawati Soekarno Airport,-3.8637,102.338997,ID,yes,BKS
medium_airport,Raleigh County Memorial Airport,37.7873,-81.124199,US,yes,BKW
small_airport,Bukoba Airport,-1.332,31.8212,TZ,yes,BKZ
large_airport,General José Antonio Anzoategui International Airport,10.111111,-64.692222,VE,yes,BLA
small_airport,Panamá Pacífico International Airport,8.91479,-79.599602,PA,yes,BLB
medium_airport,Boulder City Municipal Airport,35.947161,-114.858799,US,yes,BLD
medium_airport,Dala Airport,60.422001,15.5152,SE,yes,BLE
medium_airport,Bellingham International Airport,48.79280090332031,-122.53800201416016,US,yes,BLI
large_airport,Batna Mostefa Ben Boulaid Airport,35.752102,6.30859,DZ,yes,BLJ
large_airport,Billund Airport,55.740335,9.157019,DK,yes,BLL
large_airport,Bologna Guglielmo Marconi Airport,44.5354,11.2887,IT,yes,BLQ
large_airport,Kempegowda International Airport Bengaluru,13.1979,77.706299,IN,yes,BLR
medium_airport,Scott AFB/Midamerica Airport,38.5452,-89.835197,US,yes,BLV
small_airport,Beledweyne Airport,4.766976,45.2388,SO,yes,BLW
large_airport,Chileka International Airport,-15.677189,34.972319,MW,yes,BLZ
medium_airport,Stockholm-Bromma Airport,59.354401,17.9417,SE,yes,BMA
large_airport,Broome International Airport,-17.949194,122.2283,AU,yes,BME
medium_airport,Central Illinois Regional Airport at Bloomington-Normal,40.4771,-88.915901,US,yes,BMI
small_airport,Borkum Airport,53.59639,6.709167,DE,yes,BMK
small_airport,Banmaw Airport,24.27044,97.2476,MM,yes,BMO
small_airport,Baltrum Airport,53.72485,7.373257,DE,yes,BMR
medium_airport,Sultan Muhammad Salahuddin Airport,-8.537184,118.685002,ID,yes,BMU
medium_airport,Buon Ma Thuot Airport,12.668299675,108.120002747,VN,yes,BMV
medium_airport,Bordj Badji Mokhtar Airport,21.3778,0.92698,DZ,yes,BMW
small_airport,Île Art - Waala Airport,-19.720521,163.661077,NC,yes,BMY
large_airport,Nashville International Airport,36.1245,-86.6782,US,yes,BNA
small_airport,Boende Airport,-0.286652,20.883551,CD,yes,BNB
large_airport,Bandar Abbas International Airport,27.2183,56.3778,IR,yes,BND
large_airport,Brisbane International Airport,-27.384199142456055,153.11700439453125,AU,yes,BNE
medium_airport,Benin Airport,6.316979885101318,5.5995001792907715,NG,yes,BNI
medium_airport,Ballina Byron Gateway Airport,-28.833236,153.561471,AU,yes,BNK
medium_airport,"Brønnøysund Airport, Brønnøy",65.461098,12.2175,NO,yes,BNN
medium_airport,Barinas Airport,8.615,-70.214167,VE,yes,BNS
large_airport,Banja Luka International Airport,44.941399,17.297501,BA,yes,BNX
small_airport,Bellona/Anua Airport,-11.302222222200001,159.798333333,SB,yes,BNY
medium_airport,Bora Bora Airport,-16.444400787353516,-151.75100708007812,PF,yes,BOB
medium_airport,"Bocas del Toro ""Isla Colón"" International Airport",9.34085,-82.250801,PA,yes,BOC
large_airport,Bordeaux–Mérignac Airport,44.82865,-0.715356,FR,yes,BOD
large_airport,El Dorado International Airport,4.70159,-74.1469,CO,yes,BOG
medium_airport,Bournemouth Airport,50.780483,-1.839576,GB,yes,BOH
large_airport,Boise Air Terminal/Gowen Field,43.5644,-116.223,US,yes,BOI
large_airport,Burgas Airport,42.569917,27.515173,BG,yes,BOJ
large_airport,Chhatrapati Shivaji Maharaj International Airport,19.088699,72.867897,IN,yes,BOM
large_airport,Flamingo International Airport,12.131,-68.268501,BQ,yes,BON
large_airport,Bodø Airport,67.269203,14.3653,NO,yes,BOO
medium_airport,Bokeo International Airport,20.323986,100.165392,LA,yes,BOR
large_airport,Boston Logan International Airport,42.36197,-71.0079,US,yes,BOS
small_airport,Bosset Airport,-7.237257,141.1063222,PG,yes,BOT
large_airport,Bobo Dioulasso Airport,11.1601,-4.33097,BF,yes,BOY
medium_airport,Qinhuangdao Beidaihe Airport,39.666384,119.061384,CN,yes,BPE
medium_airport,Bole Alashankou Airport,44.895461,82.30007,CN,yes,BPL
large_airport,Sultan Aji Muhammad Sulaiman Sepinggan International Airport,-1.268342,116.89452,ID,yes,BPN
large_airport,Porto Seguro International Airport,-16.438426,-39.080584,BR,yes,BPS
medium_airport,Jack Brooks Regional Airport,29.9508,-94.020699,US,yes,BPT
medium_airport,Qamdo Bangda Airport,30.553600311279297,97.1082992553711,CN,yes,BPX
medium_airport,Besalampy Airport,-16.74453,44.482484,MG,yes,BPY
small_airport,Busselton Margaret River Regional Airport,-33.687222,115.400278,AU,yes,BQB
small_airport,Bogorodskoye Airport,52.381041,140.449378,RU,yes,BQG
small_airport,Batagay Airport,67.648003,134.695007,RU,yes,BQJ
medium_airport,Brunswick Golden Isles Airport,31.258801,-81.466499,US,yes,BQK
medium_airport,Boulia Airport,-22.913299560546875,139.89999389648438,AU,yes,BQL
medium_airport,Rafael Hernández International Airport,18.4949,-67.129402,PR,yes,BQN
medium_airport,Ignatyevo Airport,50.42539978027344,127.41200256347656,RU,yes,BQS
large_airport,Brest International Airport,52.108138,23.89676,BY,yes,BQT
medium_airport,J F Mitchell Airport,12.9884,-61.262001,VC,yes,BQU
small_airport,Dom Ricardo Weberberger Airport,-12.0789,-45.008999,BR,yes,BRA
small_airport,Barreirinhas National Airport,-2.756644,-42.803187,BR,yes,BRB
large_airport,Teniente Luis Candelaria International Airport,-41.151199,-71.157501,AR,yes,BRC
medium_airport,Brainerd Lakes Regional Airport,46.402861,-94.129727,US,yes,BRD
large_airport,Bremen Airport,53.046786,8.78932,DE,yes,BRE
large_airport,Bari Karol Wojtyła International Airport,41.138901,16.760599,IT,yes,BRI
medium_airport,Bourke Airport,-30.039199829101562,145.95199584960938,AU,yes,BRK
medium_airport,Southeast Iowa Regional Airport,40.783199310302734,-91.12550354003906,US,yes,BRL
large_airport,Jacinto Lara International Airport,10.042747,-69.35862,VE,yes,BRM
medium_airport,Bern Airport,46.912736,7.498819,CH,yes,BRN
medium_airport,Brownsville South Padre Island International Airport,25.907238,-97.425235,US,yes,BRO
medium_airport,Brno-Tuřany Airport,49.151276,16.693972,CZ,yes,BRQ
medium_airport,Barra Airport,57.0228,-7.44306,GB,yes,BRR
large_airport,Bristol Airport,51.382326,-2.716453,GB,yes,BRS
large_airport,Brussels Airport,50.901402,4.48444,BE,yes,BRU
medium_airport,Wiley Post Will Rogers Memorial Airport,71.285402,-156.766008,US,yes,BRW
medium_airport,Maria Montez International Airport,18.25149917602539,-71.12039947509766,DO,yes,BRX
large_airport,Bender Qassim International Airport,11.275235,49.139231,SO,yes,BSA
large_airport,Presidente Juscelino Kubitschek International Airport,-15.869167,-47.920834,BR,yes,BSB
medium_airport,José Celestino Mutis Airport,6.20292,-77.3947,CO,yes,BSC
medium_airport,Baoshan Yunrui Airport,25.053301,99.168297,CN,yes,BSD
large_airport,Bata International Airport,1.90547,9.80568,GQ,yes,BSG
large_airport,Biskra - Mohamed Khider Airport,34.79318,5.738899,DZ,yes,BSK
large_airport,EuroAirport Basel–Mulhouse–Freiburg,47.60068,7.521117,FR,yes,BSL
medium_airport,Basco Airport,20.4513,121.980003,PH,yes,BSO
large_airport,Basra International Airport,30.549101,47.662102,IQ,yes,BSR
small_airport,Pathein Airport,16.815201,94.7799,MM,yes,BSX
large_airport,Manas International Airport,43.061298,74.4776,KG,yes,BSZ
medium_airport,Batticaloa International Airport,7.705073,81.677163,LK,yes,BTC
large_airport,Hang Nadim International Airport,1.12103,104.119003,ID,yes,BTH
medium_airport,Barter Island Long Range Radar Station Airport,70.134003,-143.582001,US,yes,BTI
large_airport,Sultan Iskandar Muda International Airport,5.525087,95.41997,ID,yes,BTJ
medium_airport,Bratsk Airport,56.3696,101.701822,RU,yes,BTK
medium_airport,Bert Mooney Airport,45.95479965209961,-112.49700164794922,US,yes,BTM
medium_airport,Baton Rouge Metropolitan Airport,30.533199,-91.149597,US,yes,BTR
large_airport,M. R. Štefánik Airport,48.1702,17.2127,SK,yes,BTS
small_airport,Bettles Airport,66.913902,-151.529007,US,yes,BTT
medium_airport,Bintulu Airport,3.12385010719,113.019996643,MY,yes,BTU
medium_airport,Patrick Leahy Burlington International Airport,44.471901,-73.153297,US,yes,BTV
small_airport,Bersujud Airport,-3.41241,115.995003,ID,yes,BTW
medium_airport,Buka Airport,-5.422299,154.672698,PG,yes,BUA
small_airport,Burketown Airport,-17.748600006103516,139.53399658203125,AU,yes,BUC
large_airport,Budapest Liszt Ferenc International Airport,47.43018,19.262393,HU,yes,BUD
large_airport,Buffalo Niagara International Airport,42.940498,-78.732201,US,yes,BUF
small_airport,Bokondini Airport,-3.68455,138.677437,ID,yes,BUI
medium_airport,Gerardo Tobar López Airport,3.81963,-76.9898,CO,yes,BUN
large_airport,Joshua Mqabuko Nkomo International Airport,-20.016284,28.622897,ZW,yes,BUQ
large_airport,Hollywood Burbank/Bob Hope Airport,34.202834,-118.35805,US,yes,BUR
large_airport,Alexander Kartveli Batumi International Airport,41.60939,41.600315,GE,yes,BUS
small_airport,Bathpalathang Airport,27.5622,90.7471,BT,yes,BUT
small_airport,Muara Bungo Airport,-1.541635,102.181613,ID,yes,BUU
medium_airport,Bunia Airport,1.565743,30.220685,CD,yes,BUX
medium_airport,Bushehr Airport,28.9447994232,50.8345985413,IR,yes,BUZ
large_airport,Beauvais-Tillé airport,49.454399,2.11278,FR,yes,BVA
large_airport,Atlas Brasil Cantanhede International Airport,2.84615,-60.690648,BR,yes,BVB
large_airport,Aristides Pereira International Airport,16.136499,-22.888901,CV,yes,BVC
medium_airport,Brive Souillac airport,45.039722,1.485556,FR,yes,BVE
medium_airport,Berlevåg Airport,70.871517,29.034097,NO,yes,BVG
medium_airport,Brigadeiro Camarão Airport,-12.6944,-60.098301,BR,yes,BVH
medium_airport,Birdsville Airport,-25.897499084472656,139.34800720214844,AU,yes,BVI
medium_airport,Bovanenkovo Airport,70.315278,68.333611,RU,yes,BVJ
small_airport,Breves Airport,-1.63653,-50.4436,BR,yes,BVS
large_airport,Gautam Buddha International Airport,27.504636,83.410381,NP,yes,BWA
large_airport,Baltimore/Washington International Thurgood Marshall Airport,39.1754,-76.668297,US,yes,BWI
medium_airport,Brač Airport,43.284454,16.678362,HR,yes,BWK
large_airport,Brunei International Airport,4.9442,114.928001,BN,yes,BWN
medium_airport,Balakovo Airport,51.858299,47.745602,RU,yes,BWO
medium_airport,Wynyard Airport,-40.997039,145.726,AU,yes,BWT
small_airport,Banyuwangi Airport,-8.31015,114.3401,ID,yes,BWX
small_airport,Bendigo Airport,-36.739399,144.330002,AU,yes,BXG
medium_airport,Balkhash Airport,46.894246,75.004533,KZ,yes,BXH
medium_airport,Bam Airport,29.0842,58.450001,IR,yes,BXR
small_airport,LNG Badak Airport,0.121656,117.476558,ID,yes,BXT
medium_airport,Bancasi Airport,8.9515,125.4788,PH,yes,BXU
large_airport,Baikonur Krayniy International Airport,45.621994,63.210773,KZ,yes,BXY
medium_airport,Bouaké Airport,7.7388,-5.07367,CI,yes,BYK
medium_airport,Carlos Manuel de Cespedes Airport,20.3964,-76.621399,CU,yes,BYM
medium_airport,Bayankhongor Airport,46.1633,100.704002,MN,yes,BYN
small_airport,Bonito Airport,-21.2473,-56.452399,BR,yes,BYO
small_airport,Læsø Airport,57.277199,11.0001,DK,yes,BYR
small_airport,Blakely Island Airport,48.579162,-122.823844,US,yes,BYW
large_airport,Philip S. W. Goldson International Airport,17.539951,-88.303556,BZ,yes,BZE
medium_airport,Ignacy Jan Paderewski Bydgoszcz Airport,53.096802,17.977699,PL,yes,BZG
medium_airport,Balıkesir Airport,39.619301,27.926001,TR,yes,BZI
medium_airport,Bryansk International Airport,53.214403,34.175965,RU,yes,BZK
medium_airport,Barisal Airport,22.801001,90.301201,BD,yes,BZL
medium_airport,Bozeman Yellowstone International Airport,45.778853,-111.153711,US,yes,BZN
medium_airport,Bolzano Airport,46.459245,11.326125,IT,yes,BZO
medium_airport,Béziers Vias airport,43.323502,3.3539,FR,yes,BZR
large_airport,Maya-Maya International Airport,-4.2517,15.253,CG,yes,BZV
medium_airport,Bazhong Enyang Airport,31.73842,106.644872,CN,yes,BZX
medium_airport,Cabinda Airport,-5.59839,12.188145,AO,yes,CAB
medium_airport,Coronel Adalberto Mendes da Silva Airport,-25.000323,-53.501208,BR,yes,CAC
medium_airport,Columbia Metropolitan Airport,33.938172,-81.123022,US,yes,CAE
small_airport,Carauari Airport,-4.871473,-66.897552,BR,yes,CAF
large_airport,Cagliari Elmas Airport,39.251499,9.05428,IT,yes,CAG
medium_airport,Cà Mau Airport,9.177667,105.177778,VN,yes,CAH
large_airport,Cairo International Airport,30.111534,31.396694,EG,yes,CAI
medium_airport,Canaima Airport,6.231989,-62.85485,VE,yes,CAJ
medium_airport,Akron Canton Regional Airport,40.916099548339844,-81.44219970703125,US,yes,CAK
medium_airport,Campbeltown Airport,55.437199,-5.68639,GB,yes,CAL
large_airport,Guangzhou Baiyun International Airport,23.392401,113.299004,CN,yes,CAN
large_airport,Cap Haitien International Airport,19.725547,-72.20071,HT,yes,CAP
medium_airport,Cascais Airport,38.724998,-9.35523,PT,yes,CAT
small_airport,Caruaru Airport,-8.28239,-36.0135,BR,yes,CAU
medium_airport,Bartolomeu Lisandro Airport,-21.698299,-41.301701,BR,yes,CAW
large_airport,Cayenne – Félix Eboué Airport,4.819964,-52.361326,GF,yes,CAY
medium_airport,Cobar Airport,-31.538299560546875,145.79400634765625,AU,yes,CAZ
large_airport,Jorge Wilsterman International Airport,-17.421105,-66.177102,BO,yes,CBB
medium_airport,Béchar Boudghene Ben Ali Lotfi Airport,31.645700454711914,-2.269860029220581,DZ,yes,CBH
medium_airport,Cotabato (Awang) Airport,7.164753,124.209938,PH,yes,CBO
medium_airport,Margaret Ekpo International Airport,4.976019859313965,8.347200393676758,NG,yes,CBQ
medium_airport,Canberra Airport,-35.3069,149.195007,AU,yes,CBR
medium_airport,Catumbela Airport,-12.4792,13.4869,AO,yes,CBT
small_airport,Chimore Airport,-16.976834,-65.145568,BO,yes,CCA
medium_airport,Jardines Del Rey Airport,22.461000442499998,-78.32839965820001,CU,yes,CCC
medium_airport,Capital International Airport,30.06465,31.839974,EG,yes,CCE
medium_airport,Carcassonne Salvaza Airport,43.216,2.30632,FR,yes,CCF
large_airport,Calicut International Airport,11.135996,75.955152,IN,yes,CCJ
large_airport,Cocos (Keeling) Islands Airport,-12.192218,96.834103,CC,yes,CCK
medium_airport,Forquilhinha - Criciúma  Airport,-28.725743,-49.424475,BR,yes,CCM
large_airport,Carriel Sur International Airport,-36.77235,-73.062828,CL,yes,CCP
medium_airport,Buchanan Field,37.9897,-122.056999,US,yes,CCR
large_airport,Maiquetía Simón Bolívar International Airport,10.602214,-66.991174,VE,yes,CCS
large_airport,Netaji Subhash Chandra Bose International Airport,22.654012,88.44765,IN,yes,CCU
small_airport,Craig Cove Airport,-16.264999,167.923996,VU,yes,CCV
medium_airport,Chub Cay Airport,25.417101,-77.880898,BS,yes,CCZ
medium_airport,Cold Bay Airport,55.207871,-162.725029,US,yes,CDB
medium_airport,Cedar City Regional Airport,37.70100021362305,-113.0989990234375,US,yes,CDC
medium_airport,Chengde Puning Airport,41.1225,118.073889,CN,yes,CDE
large_airport,Charles de Gaulle International Airport,49.00896,2.554117,FR,yes,CDG
medium_airport,Kadapa Airport,14.513154,78.769183,IN,yes,CDP
medium_airport,Chadron Municipal Airport,42.837601,-103.095001,US,yes,CDR
medium_airport,Castellón-Costa Azahar Airport,40.213889,0.073333,ES,yes,CDT
medium_airport,Merle K (Mudhole) Smith Airport,60.491798,-145.477997,US,yes,CDV
large_airport,Mactan Cebu International Airport,10.309261,123.97974,PH,yes,CEB
medium_airport,Jack Mc Namara Field Airport,41.778929,-124.236403,US,yes,CEC
medium_airport,Ceduna Airport,-32.13059997558594,133.7100067138672,AU,yes,CED
medium_airport,Cherepovets Airport,59.273601532,38.015800476100004,RU,yes,CEE
large_airport,Mae Fah Luang - Chiang Rai International Airport,19.952299,99.882896,TH,yes,CEI
large_airport,Kurchatov Chelyabinsk International Airport,55.303141,61.504927,RU,yes,CEK
small_airport,Canela Airport,-29.370091,-50.831729,BR,yes,CEL
small_airport,Central Airport,65.573815,-144.780707,US,yes,CEM
medium_airport,Ciudad Obregón International Airport,27.39259910583496,-109.83300018310547,MX,yes,CEN
medium_airport,Cortez Municipal Airport,37.303001,-108.627998,US,yes,CEZ
small_airport,Cabo Frio Airport,-22.921485,-42.071874,BR,yes,CFB
large_airport,Clermont-Ferrand Auvergne airport,45.786701,3.16917,FR,yes,CFE
medium_airport,Jaime Gonzalez Airport,22.149999618530273,-80.41419982910156,CU,yes,CFG
large_airport,Chlef Aboubakr Belkaid International Airport,36.216614,1.341114,DZ,yes,CFK
medium_airport,Donegal Airport,55.0442008972168,-8.340999603271484,IE,yes,CFN
medium_airport,Caen Carpiquet airport,49.17678,-0.454883,FR,yes,CFR
medium_airport,Coffs Harbour Airport,-30.320601,153.115997,AU,yes,CFS
large_airport,Corfu Ioannis Kapodistrias International Airport,39.60145,19.912179,GR,yes,CFU
seaplane_base,Craig Seaplane Base,55.478802,-133.147995,US,yes,CGA
large_airport,Várzea Grande–Marechal Rondon International Airport,-15.6529,-56.116699,BR,yes,CGB
medium_airport,Changde Taohuayuan Airport,28.9189,111.639999,CN,yes,CGD
large_airport,Congonhas–Deputado Freitas Nobre Airport,-23.627657,-46.654601,BR,yes,CGH
medium_airport,Cape Girardeau Regional Airport,37.2253,-89.570801,US,yes,CGI
large_airport,Soekarno-Hatta International Airport,-6.12557,106.655998,ID,yes,CGK
medium_airport,Camiguin Airport,9.253894,124.709115,PH,yes,CGM
large_airport,Cologne Bonn Airport,50.865898,7.14274,DE,yes,CGN
large_airport,Zhengzhou Xinzheng International Airport,34.526497,113.849165,CN,yes,CGO
large_airport,Shah Amanat International Airport,22.249599,91.813301,BD,yes,CGP
large_airport,Changchun Longjia International Airport,43.996201,125.684998,CN,yes,CGQ
medium_airport,Campo Grande Airport,-20.469998,-54.673988,BR,yes,CGR
large_airport,Laguindingan International Airport,8.612203,124.456496,PH,yes,CGY
medium_airport,Chattanooga Metropolitan Airport (Lovell Field),35.035301,-85.203796,US,yes,CHA
large_airport,Christchurch International Airport,-43.489029,172.532065,NZ,yes,CHC
heliport,Tallinn Linnahall Heliport,59.448015,24.753313,EE,yes,CHE
medium_airport,Chaoyang Airport,41.538101,120.434998,CN,yes,CHG
medium_airport,Chachapoyas Airport,-6.201911,-77.856195,PE,yes,CHH
medium_airport,FAP Lieutenant Jaime Andres de Montreuil Morales Airport,-9.14961,-78.523804,PE,yes,CHM
medium_airport,Charlottesville Albemarle Airport,38.13859939575195,-78.4529037475586,US,yes,CHO
large_airport,Chania International Airport,35.531207,24.150673,GR,yes,CHQ
large_airport,Charleston International Airport,32.896159,-80.038151,US,yes,CHS
medium_airport,Inia William Tuuta Memorial Airport,-43.81189,-176.46514,NZ,yes,CHT
small_airport,Chuathbaluk Airport,61.579102,-159.216003,US,yes,CHU
medium_airport,Changuinola Captain Manuel Niño International Airport,9.458962,-82.515062,PA,yes,CHX
small_airport,Choiseul Bay Airport,-6.711944,156.396111,SB,yes,CHY
large_airport,Ciampino–G. B. Pastine International Airport,41.798769,12.595331,IT,yes,CIA
medium_airport,The Eastern Iowa Airport,41.884701,-91.7108,US,yes,CID
medium_airport,Chifeng Yulong Airport,42.159723,118.840971,CN,yes,CIF
small_airport,Changzhi Wangcun Airport,36.247501,113.125999,CN,yes,CIH
medium_airport,Capitán Aníbal Arab Airport,-11.039109,-68.782774,BO,yes,CIJ
small_airport,Chalkyitsik Airport,66.644997,-143.740005,US,yes,CIK
large_airport,Shymkent International Airport,42.365021,69.47564,KZ,yes,CIT
medium_airport,Chippewa County International Airport,46.242038,-84.462082,US,yes,CIU
medium_airport,Canouan Airport,12.699,-61.3424,VC,yes,CIW
large_airport,Capitán FAP José A. Quiñones González International Airport,-6.789223,-79.828254,PE,yes,CIX
medium_airport,Comiso Airport,36.99583,14.60889,IT,yes,CIY
medium_airport,Mayor General FAP Armando Revoredo Iglesias Airport,-7.13918,-78.489403,PE,yes,CJA
large_airport,Coimbatore International Airport,11.03,77.043404,IN,yes,CJB
medium_airport,El Loa Airport,-22.498199,-68.903603,CL,yes,CJC
large_airport,Cheongju International Airport/Cheongju Air Base (K-59/G-513),36.71556,127.500289,KR,yes,CJJ
medium_airport,Chitral Airport,35.886213,71.799922,PK,yes,CJL
medium_airport,Chumphon Airport,10.7112,99.361702,TH,yes,CJM
small_airport,Nusawiru Airport,-7.719895,108.488995,ID,yes,CJN
large_airport,Abraham González International Airport,31.636673,-106.428533,MX,yes,CJS
large_airport,Jeju International Airport,33.512058,126.492548,KR,yes,CJU
small_airport,Pedro Vieira Moreira Airport,-6.8827,-38.61583,BR,yes,CJZ
medium_airport,North Central West Virginia Airport,39.2966,-80.228104,US,yes,CKB
small_airport,Crooked Creek Airport,61.870315,-158.137636,US,yes,CKD
large_airport,Chongqing Jiangbei International Airport,29.712254,106.651895,CN,yes,CKG
medium_airport,Chokurdakh Airport,70.6231,147.901993,RU,yes,CKH
medium_airport,Carajás Airport,-6.117841,-50.003372,BR,yes,CKS
small_airport,Christmas Creek Airport,-22.354302,119.642603,AU,yes,CKW
small_airport,Chicken Airport,64.066495,-141.951342,US,yes,CKX
large_airport,Ahmed Sékou Touré International Airport,9.57689,-13.612,GN,yes,CKY
medium_airport,Çanakkale Airport,40.1376991272,26.4267997742,TR,yes,CKZ
medium_airport,McClellan-Palomar Airport,33.1283,-117.279999,US,yes,CLD
large_airport,Cleveland Hopkins International Airport,41.411701,-81.8498,US,yes,CLE
large_airport,Avram Iancu Cluj International Airport,46.786042,23.685733,RO,yes,CLJ
medium_airport,Easterwood Field,30.5886,-96.3638,US,yes,CLL
large_airport,Alfonso Bonilla Aragon International Airport,3.542717,-76.381898,CO,yes,CLO
small_airport,Clarks Point Airport,58.833698,-158.529007,US,yes,CLP
medium_airport,Licenciado Miguel de la Madrid International Airport,19.277,-103.577002,MX,yes,CLQ
large_airport,Charlotte Douglas International Airport,35.2140007019043,-80.94309997558594,US,yes,CLT
small_airport,Nelson Ribeiro Guimarães Airport,-17.725096,-48.606324,BR,yes,CLV
medium_airport,Calvi Sainte Catherine Airport,42.530422,8.792984,FR,yes,CLY
medium_airport,Cunnamulla Airport,-28.030000686645508,145.6219940185547,AU,yes,CMA
large_airport,Bandaranaike International Colombo Airport,7.180759906768799,79.88410186767578,LK,yes,CMB
medium_airport,Ciudad del Carmen International Airport,18.651516,-91.799355,MX,yes,CME
medium_airport,Chambéry Aix les Bains airport,45.6381,5.88023,FR,yes,CMF
medium_airport,Corumbá International Airport,-19.01193,-57.672772,BR,yes,CMG
large_airport,John Glenn Columbus International Airport,39.998001,-82.891899,US,yes,CMH
medium_airport,University of Illinois Willard Airport,40.039819,-88.276249,US,yes,CMI
large_airport,Mohammed V International Airport,33.3675,-7.58997,MA,yes,CMN
medium_airport,Chimbu Airport,-6.024290084838867,144.9709930419922,PG,yes,CMU
large_airport,Ignacio Agramonte International Airport,21.419909,-77.848039,CU,yes,CMW
medium_airport,Houghton County Memorial Airport,47.168399810791016,-88.48909759521484,US,yes,CMX
medium_airport,Coonamble Airport,-30.980946,148.377833,AU,yes,CNB
small_airport,Coconut Island Airport,-10.050139,143.070007,AU,yes,CNC
large_airport,Mihail Kogălniceanu International Airport,44.362202,28.4883,RO,yes,CND
large_airport,Tancredo Neves International Airport,-19.63571,-43.966928,BR,yes,CNF
small_airport,Changhai Dachangshandao Airport,39.266441,122.66696,CN,yes,CNI
medium_airport,Cloncurry Airport,-20.668600082399998,140.503997803,AU,yes,CNJ
medium_airport,Cavern City Air Terminal,32.337501525878906,-104.26300048828125,US,yes,CNM
large_airport,Kannur International Airport,11.916343,75.544979,IN,yes,CNN
medium_airport,Neerlerit Inaat Airport,70.743103,-22.650499,GL,yes,CNP
medium_airport,Corrientes Airport,-27.4455,-58.7619,AR,yes,CNQ
large_airport,Cairns International Airport,-16.878921,145.74948,AU,yes,CNS
large_airport,Chiang Mai International Airport,18.766799926799997,98.962600708,TH,yes,CNX
medium_airport,Canyonlands Regional Airport,38.755001,-109.754997,US,yes,CNY
medium_airport,Yellowstone Regional Airport,44.520199,-109.024002,US,yes,COD
large_airport,Cochin International Airport,10.151047,76.400838,IN,yes,COK
small_airport,Coll Airport,56.601898,-6.61778,GB,yes,COL
large_airport,Cotonou Cadjehoun International Airport,6.35723,2.38435,BJ,yes,COO
medium_airport,Choibalsan Airport,48.135381,114.647231,MN,yes,COQ
large_airport,Ingeniero Aeronáutico Ambrosio L.V. Taravella International Airport,-31.312346,-64.208329,AR,yes,COR
large_airport,City of Colorado Springs Municipal Airport,38.805801,-104.700996,US,yes,COS
medium_airport,Columbia Regional Airport,38.8181,-92.219597,US,yes,COU
large_airport,Çukurova International Airport,36.891478,35.071235,TR,yes,COV
medium_airport,Aviador C. Campos Airport,-40.075401,-71.137299,AR,yes,CPC
medium_airport,Coober Pedy Airport,-29.038312,134.722166,AU,yes,CPD
medium_airport,Ingeniero Alberto Acuña Ongay International Airport,19.815969,-90.500125,MX,yes,CPE
large_airport,Copenhagen Kastrup Airport,55.617900848389,12.656000137329,DK,yes,CPH
medium_airport,Desierto de Atacama Airport,-27.2612,-70.779198,CL,yes,CPO
medium_airport,Casper-Natrona County International Airport,42.907381,-106.461609,US,yes,CPR
large_airport,Cape Town International Airport,-33.97403,18.604333,ZA,yes,CPT
medium_airport,Presidente João Suassuna Airport,-7.269662,-35.896057,BR,yes,CPV
medium_airport,Benjamin Rivera Noriega Airport,18.312954,-65.303893,PR,yes,CPX
medium_airport,Chongqing Xiannüshan Airport,29.465658,107.693664,CN,yes,CQW
large_airport,Craiova International Airport,44.3181,23.888599,RO,yes,CRA
large_airport,General Enrique Mosconi International Airport,-45.786941,-67.463355,AR,yes,CRD
medium_airport,Colonel Hill Airport,22.7456,-74.182404,BS,yes,CRI
large_airport,Clark International Airport / Clark Air Base,15.186,120.559998,PH,yes,CRK
large_airport,Brussels South Charleroi Airport,50.461963,4.459562,BE,yes,CRL
medium_airport,Catarman National Airport,12.50161,124.635258,PH,yes,CRM
medium_airport,Corpus Christi International Airport,27.770399,-97.501198,US,yes,CRP
small_airport,Lauriston Airport,12.4761,-61.472801,GD,yes,CRU
medium_airport,Crotone Sant'Anna Pythagoras Airport,38.9972,17.0802,IT,yes,CRV
medium_airport,Yeager Airport,38.3731,-81.593201,US,yes,CRW
large_airport,Türkmenabat International Airport,38.930662,63.563982,TM,yes,CRZ
small_airport,Colonsay Airstrip,56.057499,-6.24306,GB,yes,CSA
medium_airport,Columbus Airport,32.516415,-84.939602,US,yes,CSG
small_airport,Solovki Airport,65.029996,35.730558,RU,yes,CSH
medium_airport,Cap Skirring Airport,12.39533,-16.748,SN,yes,CSK
medium_airport,Cabo San Lucas International Airport,22.949072,-109.939479,MX,yes,CSW
large_airport,Changsha Huanghua International Airport,28.189199,113.220001,CN,yes,CSX
medium_airport,Cheboksary Airport,56.090302,47.347301,RU,yes,CSY
large_airport,Catania-Fontanarossa Airport,37.466801,15.0664,IT,yes,CTA
medium_airport,Coronel Felipe Varela International Airport,-28.593117,-65.7512,AR,yes,CTC
medium_airport,Alonso Valderrama Airport,7.98784,-80.409837,PA,yes,CTD
large_airport,Rafael Nuñez International Airport,10.4424,-75.513,CO,yes,CTG
medium_airport,Charleville Airport,-26.4132995605,146.261993408,AU,yes,CTL
medium_airport,Chetumal International Airport,18.504985,-88.328018,MX,yes,CTM
medium_airport,Cooktown Airport,-15.443649,145.183221,AU,yes,CTN
large_airport,New Chitose Airport,42.774753,141.690414,JP,yes,CTS
large_airport,Chengdu Shuangliu International Airport,30.558257,103.945966,CN,yes,CTU
small_airport,Ciudad Constitución National Airport,25.053801,-111.614998,MX,yes,CUA
medium_airport,Camilo Daza International Airport,7.92757,-72.5115,CO,yes,CUC
medium_airport,Mariscal Lamar Airport,-2.88947,-78.984398,EC,yes,CUE
medium_airport,Cuneo International Airport,44.547458,7.623045,IT,yes,CUF
medium_airport,Caye Caulker Airport,17.735015,-88.032862,BZ,yes,CUK
large_airport,Bachigualato Federal International Airport,24.76504,-107.475228,MX,yes,CUL
medium_airport,Antonio José de Sucre Airport,10.450333,-64.13047,VE,yes,CUM
large_airport,Cancún International Airport,21.040817,-86.87347,MX,yes,CUN
medium_airport,General Francisco Bermúdez Airport,10.660014,-63.261681,VE,yes,CUP
medium_airport,Coen Airport,-13.761133,143.113311,AU,yes,CUQ
large_airport,Hato International Airport,12.1889,-68.959801,CW,yes,CUR
large_airport,General Roberto Fierro Villalobos International Airport,28.702649,-105.963764,MX,yes,CUU
large_airport,Alejandro Velasco Astete International Airport,-13.535699844400002,-71.9387969971,PE,yes,CUZ
large_airport,Cincinnati Northern Kentucky International Airport,39.048801,-84.667801,US,yes,CVG
medium_airport,General Pedro Jose Mendez International Airport,23.7033,-98.956497,MX,yes,CVM
medium_airport,Clovis Municipal Airport,34.426594,-103.078794,US,yes,CVN
medium_airport,Carnarvon Airport,-24.884337,113.666393,AU,yes,CVQ
small_airport,Corvo Airport,39.671501,-31.1136,PT,yes,CVU
medium_airport,Central Wisconsin Airport,44.777448,-89.670238,US,yes,CWA
large_airport,Curitiba-Afonso Pena International Airport,-25.5285,-49.1758,BR,yes,CWB
medium_airport,Chernivtsi International Airport,48.259300231933594,25.98080062866211,UA,yes,CWC
medium_airport,Cangyuan Washan Airport,23.276331,99.373169,CN,yes,CWJ
large_airport,Cardiff International Airport,51.396702,-3.34333,GB,yes,CWL
small_airport,Center Island Airport,48.490046,-122.831612,US,yes,CWS
medium_airport,Cox's Bazar Airport,21.457517,91.963263,BD,yes,CXB
seaplane_base,Vancouver Harbour Water Aerodrome,49.291265,-123.11717,CA,yes,CXH
large_airport,Cassidy International Airport,1.986278,-157.350011,KI,yes,CXI
medium_airport,Hugo Cantergiani Regional Airport,-29.197183,-51.187647,BR,yes,CXJ
medium_airport,Tunggul Wulung Airport,-7.64506,109.033997,ID,yes,CXP
large_airport,Cam Ranh International Airport / Cam Ranh Air Base,11.9982,109.219002,VN,yes,CXR
medium_airport,Antoine-Simon International Airport,18.271099,-73.7883,HT,yes,CYA
medium_airport,Charles Kirkconnell International Airport,19.687,-79.882797,KY,yes,CYB
medium_airport,Caye Chapel Airport,17.683792,-88.044985,BZ,yes,CYC
small_airport,Chefornak Airport,60.136667,-164.279167,US,yes,CYF
medium_airport,Chiayi Airport,23.462577,120.390544,TW,yes,CYI
seaplane_base,Chatham Seaplane Base,57.5149,-134.945999,US,yes,CYM
medium_airport,Vilo Acuña International Airport,21.6165008545,-81.5459976196,CU,yes,CYO
medium_airport,Calbayog Airport,12.072574,124.54508,PH,yes,CYP
medium_airport,Cheyenne Regional Jerry Olson Field,41.155701,-104.811997,US,yes,CYS
small_airport,Yakataga Airport,60.080974,-142.494541,US,yes,CYT
small_airport,Cuyo Airport,10.8581,121.069,PH,yes,CYU
medium_airport,Cherskiy Airport,68.7406005859375,161.33799743652344,RU,yes,CYX
medium_airport,Cauayan Airport,16.9298992157,121.752998352,PH,yes,CYZ
medium_airport,José Leonardo Chirinos Airport,11.414944,-69.680901,VE,yes,CZE
medium_airport,Corozal Airport,18.3822,-88.411903,BZ,yes,CZH
large_airport,Mohamed Boudiaf International Airport,36.276001,6.62039,DZ,yes,CZL
large_airport,Cozumel International Airport,20.514922,-86.928538,MX,yes,CZM
medium_airport,Cruzeiro do Sul Airport,-7.59991,-72.769501,BR,yes,CZS
medium_airport,Las Brujas Airport,9.33274,-75.2856,CO,yes,CZU
medium_airport,Changzhou Benniu International Airport,31.920485,119.77546,CN,yes,CZX
medium_airport,Daytona Beach International Airport,29.18255,-81.059464,US,yes,DAB
large_airport,Hazrat Shahjalal International Airport,23.843347,90.397783,BD,yes,DAC
large_airport,Da Nang International Airport,16.0439,108.198997,VN,yes,DAD
large_airport,Dallas Love Field,32.844776,-96.847653,US,yes,DAL
large_airport,Damascus International Airport,33.4114990234375,36.51559829711914,SY,yes,DAM
large_airport,Julius Nyerere International Airport,-6.873499,39.207288,TZ,yes,DAR
large_airport,Datong Yungang International Airport,40.06139,113.480509,CN,yes,DAT
medium_airport,Daru Airport,-9.08676,143.207993,PG,yes,DAU
medium_airport,Enrique Malek International Airport,8.388983,-82.436425,PA,yes,DAV
small_airport,Dachuan Airport,31.1302,107.4295,CN,yes,DAX
medium_airport,James M. Cox Dayton International Airport,39.902401,-84.219398,US,yes,DAY
small_airport,Dalbandin Airport,28.878299713100002,64.3998031616,PK,yes,DBA
large_airport,El Alamein International Airport,30.924324,28.46161,EG,yes,DBB
medium_airport,Baicheng Chang'an Airport,45.505278,123.019722,CN,yes,DBC
medium_airport,Dubbo City Regional Airport,-32.2167015076,148.574996948,AU,yes,DBO
medium_airport,Dubuque Regional Airport,42.402,-90.709503,US,yes,DBQ
medium_airport,Darbhanga Airport,26.192801,85.916901,IN,yes,DBR
large_airport,Dubrovnik Ruđer Bošković Airport,42.562247,18.265543,HR,yes,DBV
large_airport,Ronald Reagan Washington National Airport,38.8521,-77.037697,US,yes,DCA
medium_airport,Canefield Airport,15.336693,-61.392108,DM,yes,DCF
medium_airport,Castres Mazamet Airport,43.556301,2.28918,FR,yes,DCM
medium_airport,Daocheng Yading Airport,29.31632,100.060317,CN,yes,DCY
medium_airport,Dodge City Regional Airport,37.76340103149414,-99.9655990600586,US,yes,DDC
medium_airport,Dandong Langtou International Airport,40.025453,124.28669,CN,yes,DDG
medium_airport,Shigatse Tingri Airport,28.604567,86.798,CN,yes,DDR
medium_airport,Dera Ghazi Khan Airport,29.961000442504883,70.48590087890625,PK,yes,DEA
large_airport,Debrecen International Airport,47.489469,21.616278,HU,yes,DEB
medium_airport,Decatur Airport,39.834598541259766,-88.8656997680664,US,yes,DEC
medium_airport,Dehradun Jolly Grant Airport,30.189243,78.176651,IN,yes,DED
small_airport,Yuzhno-Kurilsk Mendeleyevo Airport,43.961066,145.684977,RU,yes,DEE
medium_airport,Dezful Airport,32.434399,48.397598,IR,yes,DEF
large_airport,Indira Gandhi International Airport,28.55563,77.09519,IN,yes,DEL
small_airport,Dembidollo Airport,8.554,34.858002,ET,yes,DEM
large_airport,Denver International Airport,39.860027,-104.673792,US,yes,DEN
small_airport,Nop Goliat Dekai Airport,-4.8557,139.482006,ID,yes,DEX
large_airport,Dallas Fort Worth International Airport,32.896801,-97.038002,US,yes,DFW
medium_airport,Dangriga Airport,16.98251,-88.230988,BZ,yes,DGA
small_airport,Deoghar Airport,24.446842,86.704955,IN,yes,DGH
medium_airport,General Guadalupe Victoria International Airport,24.125468,-104.527938,MX,yes,DGO
medium_airport,Sibulan Airport,9.334183,123.30191,PH,yes,DGT
seaplane_base,Deer Harbor SPB,48.616667,-123.002778,US,yes,DHB
medium_airport,Kangra Airport,32.164902,76.263018,IN,yes,DHM
medium_airport,Dothan Regional Airport,31.321300506591797,-85.44960021972656,US,yes,DHN
medium_airport,Dhoho International Airport,-7.749527,111.946831,ID,yes,DHX
large_airport,Doha International Airport,25.259431,51.565528,QA,yes,DIA
medium_airport,Dibrugarh Airport,27.4839000702,95.0168991089,IN,yes,DIB
medium_airport,Arrachart Airport,-12.3494,49.291698,MG,yes,DIE
medium_airport,Diqing Shangri-La Airport,27.7936,99.6772,CN,yes,DIG
medium_airport,Dijon Longvic airport,47.268902,5.09,FR,yes,DIJ
medium_airport,Dickinson Theodore Roosevelt Regional Airport,46.797533,-102.801905,US,yes,DIK
large_airport,Presidente Nicolau Lobato International Airport,-8.546562,125.524507,TL,yes,DIL
medium_airport,Dien Bien Phu Airport,21.3974990845,103.008003235,VN,yes,DIN
heliport,Diomede Heliport,65.758367,-168.953676,US,yes,DIO
large_airport,Aba Tenna Dejazmach Yilma International Airport,9.623549,41.855027,ET,yes,DIR
small_airport,Diu Airport,20.714185,70.921855,IN,yes,DIU
medium_airport,Diyarbakır Airport,37.893902,40.201,TR,yes,DIY
small_airport,Sultan Thaha Airport,-1.638685,103.645063,ID,yes,DJB
large_airport,Djerba Zarzis International Airport,33.873719,10.7773,TN,yes,DJE
large_airport,Tiska Djanet Airport,24.285448,9.463652,DZ,yes,DJG
large_airport,Dortheys Hiyo Eluay International Airport,-2.579627,140.519857,ID,yes,DJJ
medium_airport,Umaru Musa Yar'adua Airport,13.0078,7.66045,NG,yes,DKA
large_airport,Léopold Sédar Senghor International Airport,14.742337,-17.479222,SN,yes,DKR
large_airport,Douala International Airport,4.00608,9.71948,CM,yes,DLA
large_airport,Dalian Zhoushuizi International Airport,38.965719,121.538477,CN,yes,DLC
medium_airport,Dole Tavaux Airport,47.038955,5.427589,FR,yes,DLE
medium_airport,Dillingham Airport,59.04470062,-158.5050049,US,yes,DLG
medium_airport,Duluth International Airport,46.841873,-92.198746,US,yes,DLH
medium_airport,Lien Khuong Airport,11.750556,108.366997,VN,yes,DLI
large_airport,Dalaman International Airport,36.7131,28.7925,TR,yes,DLM
small_airport,Dalnerechensk Airport,45.879857,133.737629,RU,yes,DLR
medium_airport,Dali Fengyi Airport,25.649401,100.319,CN,yes,DLU
medium_airport,Dalanzadgad Airport,43.608628,104.367734,MN,yes,DLZ
large_airport,Taraz International Airport,42.8536,71.303596,KZ,yes,DMB
small_airport,Doomadgee Airport,-17.9403,138.822006,AU,yes,DMD
large_airport,Domodedovo International Airport,55.408798,37.9063,RU,yes,DME
large_airport,Don Mueang International Airport,13.9126,100.607002,TH,yes,DMK
large_airport,King Fahd International Airport,26.4691,49.798209,SA,yes,DMM
medium_airport,Dimapur Airport,25.883899688699998,93.77110290530001,IN,yes,DMU
medium_airport,Dundee Airport,56.452499,-3.02583,GB,yes,DND
large_airport,Dunhuang Mogao International Airport,40.161953,94.812827,CN,yes,DNH
medium_airport,Dnipro International Airport,48.357201,35.100601,UA,yes,DNK
medium_airport,Dinard Pleurtuit Saint-Malo airport,48.5877,-2.07996,FR,yes,DNR
medium_airport,Çardak Airport,37.7855987549,29.7012996674,TR,yes,DNZ
medium_airport,Dodoma Airport,-6.170559,35.756036,TZ,yes,DOD
medium_airport,Dongola Airport,19.153666,30.430069,SD,yes,DOG
large_airport,Hamad International Airport,25.273056,51.608056,QA,yes,DOH
medium_airport,Deauville Normandie airport,49.365237,0.154481,FR,yes,DOL
medium_airport,Douglas-Charles Airport,15.546673,-61.301082,DM,yes,DOM
small_airport,Dolpa Airport,28.985659,82.818703,NP,yes,DOP
medium_airport,Dover Civil Air Terminal/Dover Air Force Base,39.129501,-75.466003,US,yes,DOV
medium_airport,Dongying Shengli Airport,37.50137,118.789863,CN,yes,DOY
medium_airport,Dipolog Airport,8.601983,123.341875,PH,yes,DPL
medium_airport,Devonport Airport,-41.1697006226,146.429992676,AU,yes,DPO
large_airport,Denpasar I Gusti Ngurah Rai International Airport,-8.748409,115.167123,ID,yes,DPS
small_airport,Deputatskiy Airport,69.392503,139.890012,RU,yes,DPT
small_airport,Daqing Sartu Airport,46.750883,125.138642,CN,yes,DQA
large_airport,Duqm International Airport,19.501944,57.634167,OM,yes,DQM
medium_airport,Deering Airport,66.068901,-162.766914,US,yes,DRG
small_airport,Drietabbetje Airport,4.111359,-54.672766,SR,yes,DRJ
medium_airport,Durango La Plata County Airport,37.151501,-107.753998,US,yes,DRO
large_airport,Bicol International Airport,13.111915,123.676829,PH,yes,DRP
large_airport,Dresden Airport,51.134123,13.767831,DE,yes,DRS
small_airport,Dharavandhoo Airport,5.1561,73.1302,MV,yes,DRV
large_airport,Darwin International Airport / RAAF Darwin,-12.41497,130.88185,AU,yes,DRW
small_airport,La Désirade Airport,16.296902,-61.0844,GP,yes,DSD
small_airport,Kombolcha Airport,11.10975,39.725911,ET,yes,DSE
medium_airport,Destin Executive Airport,30.400101,-86.471497,US,yes,DSI
large_airport,Des Moines International Airport,41.534027,-93.656719,US,yes,DSM
large_airport,Ordos Ejin Horo International Airport,39.493514,109.8599,CN,yes,DSN
medium_airport,Sondok Airport,39.745201,127.473999,KP,yes,DSO
large_airport,Blaise Diagne International Airport,14.670878,-17.072829,SN,yes,DSS
large_airport,Dara Sakor International Airport,10.914244,103.226652,KH,yes,DSY
small_airport,Silangit Airport,2.25973,98.991898,ID,yes,DTB
small_airport,Datadawai Airport,0.807028,114.529052,ID,yes,DTD
large_airport,Dortmund Airport,51.518299,7.61224,DE,yes,DTM
small_airport,Decatur Shores Airport,48.500171,-122.813973,US,yes,DTR
medium_airport,Wudalianchi Dedu Airport,48.441037,126.128374,CN,yes,DTU
large_airport,Detroit Metropolitan Wayne County Airport,42.21377,-83.353786,US,yes,DTW
large_airport,Dublin Airport,53.428713,-6.262121,IE,yes,DUB
medium_airport,Dunedin International Airport,-45.929017,170.197758,NZ,yes,DUD
medium_airport,Dundo Airport,-7.400889873504639,20.818500518798828,AO,yes,DUE
medium_airport,DuBois Regional Airport,41.17829895,-78.8986969,US,yes,DUJ
medium_airport,Pinang Kampai Airport,1.609026,101.433493,ID,yes,DUM
large_airport,King Shaka International Airport,-29.6144444444,31.1197222222,ZA,yes,DUR
large_airport,Düsseldorf Airport,51.289501,6.76678,DE,yes,DUS
medium_airport,Tom Madsen (Dutch Harbor) Airport,53.89881,-166.544996,US,yes,DUT
medium_airport,Devils Lake Regional Airport,48.115454,-98.908796,US,yes,DVL
large_airport,Francisco Bangoy International Airport,7.12552,125.646004,PH,yes,DVO
small_airport,Soalala Airport,-16.10169,45.358837,MG,yes,DWB
large_airport,Al Maktoum International Airport,24.896171,55.16235,AE,yes,DWC
medium_airport,Dawadmi Domestic Airport,24.4499,44.121201,SA,yes,DWD
seaplane_base,Diyawanna Oya Seaplane Base,6.906585,79.909,LK,yes,DWO
large_airport,Dubai International Airport,25.24979,55.370992,AE,yes,DXB
small_airport,Xiangxi Biancheng Airport,28.4972,109.5218,CN,yes,DXJ
large_airport,Zhangjiajie Hehua International Airport,29.104749,110.442786,CN,yes,DYG
medium_airport,Ugolny Yuri Ryktheu Airport,64.734902,177.740997,RU,yes,DYR
large_airport,Dushanbe International Airport,38.543746,68.822977,TJ,yes,DYU
large_airport,Dzaoudzi Pamandzi International Airport,-12.809319,45.281815,YT,yes,DZA
medium_airport,Dazhou Jinya Airport,31.048815,107.435646,CN,yes,DZH
large_airport,Zhezkazgan National Airport,47.708953,67.738094,KZ,yes,DZN
small_airport,Eagle Airport,64.778003,-141.150455,US,yes,EAA
medium_airport,Najran Domestic Airport,17.611401,44.419201,SA,yes,EAM
medium_airport,Kearney Regional Airport,40.727001,-99.006798,US,yes,EAR
medium_airport,San Sebastián Airport,43.356499,-1.79061,ES,yes,EAS
medium_airport,Pangborn Memorial Airport,47.398899,-120.207001,US,yes,EAT
medium_airport,Chippewa Valley Regional Airport,44.86579895019531,-91.48429870605469,US,yes,EAU
small_airport,Eduard Alexander Gummels Airport,5.8604,-55.192,SR,yes,EAX
medium_airport,Marina di Campo Airport,42.760871,10.239811,IT,yes,EBA
large_airport,Entebbe International Airport,0.042386,32.443501,UG,yes,EBB
medium_airport,El-Obeid Airport,13.1532,30.2327,SD,yes,EBD
medium_airport,Esbjerg Airport,55.525902,8.5534,DK,yes,EBJ
large_airport,Erbil International Airport,36.236047,43.946615,IQ,yes,EBL
large_airport,Ercan International Airport,35.153064,33.507352,CY,yes,ECN
medium_airport,Northwest Florida Beaches International Airport,30.357106,-85.795414,US,yes,ECP
seaplane_base,Edna Bay Seaplane Base,55.949653,-133.661012,US,yes,EDA
large_airport,Edinburgh Airport,55.950145,-3.372288,GB,yes,EDI
large_airport,Eldoret International Airport,0.404458,35.238899,KE,yes,EDL
large_airport,Balıkesir Koca Seyit Airport,39.552533,27.010192,TR,yes,EDO
small_airport,Pormpuraaw Airport,-14.896451,141.60908,AU,yes,EDR
small_airport,Eek Airport,60.213173,-162.044048,US,yes,EEK
medium_airport,Kefallinia Airport,38.12009811401367,20.500499725341797,GR,yes,EFL
medium_airport,Bergerac Dordogne-Périgord airport,44.825298,0.518611,FR,yes,EGC
medium_airport,Eagle County Regional Airport,39.64260101,-106.9179993,US,yes,EGE
medium_airport,Belgorod International Airport,50.643798828125,36.5900993347168,RU,yes,EGO
medium_airport,Egilsstaðir Airport,65.2833023071289,-14.401399612426758,IS,yes,EGS
medium_airport,Egegik Airport,58.184386,-157.374873,US,yes,EGX
large_airport,Ezhou Huahu International Airport,30.341178,115.03926,CN,yes,EHU
medium_airport,Yeniseysk Airport,58.474201,92.112503,RU,yes,EIE
large_airport,Eindhoven Airport,51.4500999451,5.37452983856,NL,yes,EIN
large_airport,Terrance B. Lettsome International Airport,18.445492,-64.541707,VG,yes,EIS
medium_airport,Yariguíes Airport,7.02433,-73.8068,CO,yes,EJA
medium_airport,Al Wajh Domestic Airport,26.198601,36.476398,SA,yes,EJH
small_airport,Enejit Airport,6.0404,171.9846,MH,yes,EJT
medium_airport,Elko Regional Airport,40.82490158081055,-115.79199981689453,US,yes,EKO
small_airport,Shakhtyorsk Airport,49.1903,142.082993,RU,yes,EKS
medium_airport,Elcho Island Airport,-12.019399642899998,135.570999146,AU,yes,ELC
medium_airport,South Arkansas Regional Airport at Goodwin Field,33.221001,-92.813301,US,yes,ELD
medium_airport,El Fasher Airport,13.614899635314941,25.324600219726562,SD,yes,ELF
medium_airport,El Golea Airport,30.580732,2.861595,DZ,yes,ELG
medium_airport,North Eleuthera Airport,25.475823,-76.680784,BS,yes,ELH
small_airport,Elim Airport,64.6147,-162.272003,US,yes,ELI
medium_airport,Elmira Corning Regional Airport,42.1599006652832,-76.8916015625,US,yes,ELM
large_airport,El Paso International Airport,31.809908,-106.375607,US,yes,ELP
large_airport,Prince Naif bin Abdulaziz International Airport,26.302799,43.774399,SA,yes,ELQ
large_airport,King Phalo Airport,-33.035599,27.825899,ZA,yes,ELS
medium_airport,Guemar Airport - مطار قمار بالوادي,33.511398,6.77679,DZ,yes,ELU
seaplane_base,Elfin Cove Seaplane Base,58.195201873799995,-136.347000122,US,yes,ELV
large_airport,East Midlands Airport,52.8311,-1.32806,GB,yes,EMA
medium_airport,Emerald Airport,-23.5674991608,148.179000854,AU,yes,EMD
small_airport,Emden Airport,53.391109,7.2275,DE,yes,EME
medium_airport,Emmonak Airport,62.78609848,-164.4909973,US,yes,EMK
medium_airport,Kenai Municipal Airport,60.570946,-151.245174,US,yes,ENA
small_airport,H. Hasan Aroeboesman (Ende) Airport,-8.849114,121.66101,ID,yes,ENE
medium_airport,Enontekio Airport,68.362602233887,23.424299240112,FI,yes,ENF
medium_airport,Enshi Xujiaping Airport,30.320299,109.485001,CN,yes,ENH
small_airport,El Nido Airport,11.202399,119.416087,PH,yes,ENI
large_airport,Teniente Ramon A. Ayub Gonzalez International Airport,-27.227537,-55.837584,PY,yes,ENO
small_airport,Eniwetok Airport,11.340700149536133,162.3280029296875,MH,yes,ENT
large_airport,Akanu Ibiam International Airport,6.473718,7.560463,NG,yes,ENU
medium_airport,Yan'an Nanniwan Airport,36.479413,109.464083,CN,yes,ENY
medium_airport,Enrique Olaya Herrera Airport,6.219686,-75.590597,CO,yes,EOH
medium_airport,Eday Airport,59.19060134887695,-2.7722198963165283,GB,yes,EOI
medium_airport,Esperance Airport,-33.684399,121.822998,AU,yes,EPR
medium_airport,Pärnu Airport,58.41899871826172,24.47279930114746,EE,yes,EPU
medium_airport,Esquel Brigadier Antonio Parodi International Airport,-42.908001,-71.139503,AR,yes,EQS
medium_airport,Erzincan Airport,39.7102012634,39.527000427199994,TR,yes,ERC
large_airport,Erfurt-Weimar Airport,50.978281,10.960713,DE,yes,ERF
medium_airport,Moulay Ali Cherif Airport,31.9475002289,-4.39833021164,MA,yes,ERH
medium_airport,Erie International Tom Ridge Field,42.083127,-80.173867,US,yes,ERI
medium_airport,Erenhot Saiwusu International Airport,43.424079,112.091081,CN,yes,ERL
medium_airport,Eros Airport,-22.60492,17.079002,NA,yes,ERS
medium_airport,Erzurum International Airport,39.956501,41.1702,TR,yes,ERZ
large_airport,Esenboğa International Airport,40.128101,32.995098,TR,yes,ESB
medium_airport,Delta County Airport,45.723199,-87.088623,US,yes,ESC
medium_airport,Orcas Island Airport,48.708199,-122.910004,US,yes,ESD
medium_airport,Elista Airport,46.3739013671875,44.33089828491211,RU,yes,ESL
large_airport,Carlos Concha Torres International Airport,0.978519,-79.626602,EC,yes,ESM
medium_airport,Ricardo García Posada Airport,-26.3111,-69.765198,CL,yes,ESR
medium_airport,Essaouira-Mogador Airport,31.397499,-9.68167,MA,yes,ESU
large_airport,Ramon International Airport,29.727009,35.014116,IL,yes,ETM
medium_airport,Santa Rosa - Artillery Colonel Victor Larrea International Airport,-3.441986,-79.996957,EC,yes,ETR
medium_airport,Metz-Nancy-Lorraine Airport,48.982101,6.25132,FR,yes,ETZ
small_airport,Kaufana Airport,-21.378299713100002,-174.957992554,TO,yes,EUA
medium_airport,Eugene Airport,44.124599,-123.211998,US,yes,EUG
large_airport,Laayoune Hassan I International Airport,27.142467,-13.224947,EH,yes,EUN
medium_airport,F. D. Roosevelt Airport,17.4965,-62.979401,BQ,yes,EUX
large_airport,Harstad/Narvik Airport,68.491302,16.678101,NO,yes,EVE
small_airport,Sveg Airport,62.047798,14.4229,SE,yes,EVG
large_airport,Zvartnots International Airport,40.148941,44.397887,AM,yes,EVN
medium_airport,Evansville Regional Airport,38.0369987488,-87.5324020386,US,yes,EVV
medium_airport,New Bedford Regional Airport,41.67610168457031,-70.95690155029297,US,yes,EWB
medium_airport,Coastal Carolina Regional Airport,35.0730018616,-77.04290008539999,US,yes,EWN
large_airport,Newark Liberty International Airport,40.6894,-74.170545,US,yes,EWR
seaplane_base,Excursion Inlet Seaplane Base,58.420502,-135.449005,US,yes,EXI
medium_airport,Exeter International Airport,50.734261,-3.413984,GB,yes,EXT
medium_airport,Beloyarskiy Airport,63.686901,66.698601,RU,yes,EYK
medium_airport,El Alcaravan - Yopal Airport,5.31911,-72.384,CO,yes,EYP
medium_airport,Key West International Airport,24.556119,-81.759579,US,yes,EYW
large_airport,Ezeiza International Airport - Ministro Pistarini,-34.8222,-58.5358,AR,yes,EZE
medium_airport,Elazığ Airport,38.597974,39.28348,TR,yes,EZS
large_airport,Vágar Airport,62.063256,-7.275782,FO,yes,FAE
medium_airport,Fairbanks International Airport,64.815102,-147.856003,US,yes,FAI
large_airport,Faro - Gago Coutinho International Airport,37.015909,-7.970939,PT,yes,FAO
medium_airport,Hector International Airport,46.9207,-96.815804,US,yes,FAR
large_airport,Fresno Yosemite International Airport,36.775767,-119.718018,US,yes,FAT
medium_airport,Fakarava Airport,-16.054100036621094,-145.65699768066406,PF,yes,FAV
medium_airport,Fayetteville Regional Airport - Grannis Field,34.991199,-78.880302,US,yes,FAY
small_airport,Fayzabad Airport,37.122148,70.5201,AF,yes,FBD
small_airport,Paulo Abdala Airport,-26.05938,-53.063827,BR,yes,FBE
large_airport,Lubumbashi International Airport,-11.591494,27.530753,CD,yes,FBM
seaplane_base,Friday Harbor Seaplane Base,48.5373,-123.010002,US,yes,FBS
medium_airport,Glacier Park International Airport,48.310501,-114.255997,US,yes,FCA
medium_airport,Sea-Airport Cuxhaven/Nordholz / Nordholz Naval Airbase,53.767689,8.659201,DE,yes,FCN
large_airport,Rome–Fiumicino Leonardo da Vinci International Airport,41.804532,12.251998,IT,yes,FCO
small_airport,"Førde Airport, Bringeland",61.391102,5.75694,NO,yes,FDE
large_airport,Martinique Aimé Césaire International Airport,14.591,-61.003201,MQ,yes,FDF
large_airport,Bodensee Airport Friedrichshafen,47.671299,9.51149,DE,yes,FDH
medium_airport,Bandundu Airport,-3.31132,17.381701,CD,yes,FDU
medium_airport,João Durval Carneiro Airport,-12.200694,-38.906164,BR,yes,FEC
medium_airport,Fergana International Airport,40.358799,71.745003,UZ,yes,FEG
medium_airport,Fernando de Noronha Airport,-3.854534,-32.423017,BR,yes,FEN
large_airport,Fes Saïss International Airport,33.927299,-4.97796,MA,yes,FEZ
medium_airport,Fangatau Airport,-15.820044,-140.888071,PF,yes,FGU
small_airport,Fakahina Airport,-15.992259,-140.164246,PF,yes,FHZ
small_airport,Fair Isle Airport,59.534721,-1.628509,GB,yes,FIE
large_airport,Ndjili International Airport,-4.38575,15.4446,CD,yes,FIH
medium_airport,Fitzroy Crossing Airport,-18.183596,125.559783,AU,yes,FIZ
large_airport,Fujairah International Airport,25.108411,56.328061,AE,yes,FJR
large_airport,Karlsruhe Baden-Baden Airport,48.7794,8.0805,DE,yes,FKB
large_airport,Bangoka International Airport,0.481639,25.337999,CD,yes,FKI
medium_airport,Fakfak Airport,-2.920508,132.267011,ID,yes,FKQ
medium_airport,Fukushima Airport,37.22740173339844,140.43099975585938,JP,yes,FKS
medium_airport,Gustavo Artunduaga Paredes Airport,1.58919,-75.5644,CO,yes,FLA
medium_airport,Flagstaff Pulliam Airport,35.139757,-111.669826,US,yes,FLG
large_airport,Fort Lauderdale Hollywood International Airport,26.072599,-80.152702,US,yes,FLL
large_airport,Hercílio Luz International Airport,-27.670279,-48.552502,BR,yes,FLN
medium_airport,Florence Regional Airport,34.18539810180664,-79.7238998413086,US,yes,FLO
large_airport,"Florence Airport, Peretola",43.808558,11.202822,IT,yes,FLR
small_airport,Flinders Island Airport,-40.091702,147.992996,AU,yes,FLS
medium_airport,Flores Airport,39.455299377441406,-31.131399154663086,PT,yes,FLW
medium_airport,Dr. Ferdinand Lumban Tobing Airport,1.557127,98.887145,ID,yes,FLZ
medium_airport,Formosa National Airport,-26.2127,-58.2281,AR,yes,FMA
medium_airport,Kalemie Airport,-5.87556,29.25,CD,yes,FMI
large_airport,Memmingen Allgau Airport,47.988092,10.238248,DE,yes,FMM
large_airport,Münster Osnabrück Airport,52.133816,7.688482,DE,yes,FMO
small_airport,Faresmaathoda Airport,0.192647,73.196755,MV,yes,FMT
large_airport,Lungi International Airport,8.61644,-13.1955,SL,yes,FNA
large_airport,Cristiano Ronaldo International Airport,32.697812,-16.774613,PT,yes,FNC
small_airport,Funadhoo Airport,6.162443,73.28752,MV,yes,FND
medium_airport,Nîmes-Arles-Camargue Airport,43.757401,4.41635,FR,yes,FNI
large_airport,Pyongyang Sunan International Airport,39.224098,125.669998,KP,yes,FNJ
seaplane_base,Funter Bay Seaplane Base,58.2543983459,-134.897994995,US,yes,FNR
medium_airport,Bishop International Airport,42.969294,-83.743355,US,yes,FNT
small_airport,Foula Airfield,60.121916,-2.053439,GB,yes,FOA
large_airport,Fuzhou Changle International Airport,25.929254,119.672524,CN,yes,FOC
medium_airport,Fort Dodge Regional Airport,42.552624,-94.191237,US,yes,FOD
medium_airport,Foggia Gino Lisa Airport,41.433596,15.534566,IT,yes,FOG
medium_airport,La Fortuna Arenal Airport,10.469311,-84.579073,CR,yes,FON
large_airport,Pinto Martins International Airport,-3.775833,-38.532222,BR,yes,FOR
large_airport,Grand Bahama International Airport,26.557996,-78.695583,BS,yes,FPO
large_airport,Frankfurt Main Airport,50.026706,8.55835,DE,yes,FRA
medium_airport,Friday Harbor Airport,48.523654,-123.024645,US,yes,FRD
small_airport,Fera/Maringe Airport,-8.1075,159.576996,SB,yes,FRE
medium_airport,Forlì-Luigi Ridolfi International Airport,44.194801,12.0701,IT,yes,FRL
medium_airport,Florø Airport,61.583599090576,5.0247201919556,NO,yes,FRO
medium_airport,Mundo Maya International Airport,16.913707,-89.866143,GT,yes,FRS
large_airport,Phillip Gaonwe Matante International Airport,-21.159183,27.468826,BW,yes,FRW
large_airport,Figari Sud-Corse Airport,41.50185,9.097092,FR,yes,FSC
medium_airport,Sioux Falls Regional Airport,43.585463,-96.741152,US,yes,FSD
small_airport,Syekh Hamzah Fansyuri Airport,2.269614,97.967863,ID,yes,FSH
medium_airport,Fort Smith Regional Airport,35.336601,-94.367401,US,yes,FSM
medium_airport,Saint-Pierre Pointe-Blanche Airport,46.762651,-56.17499,PM,yes,FSP
large_airport,Mount Fuji Shizuoka Airport,34.795022,138.190976,JP,yes,FSZ
small_airport,Futuna Airport,-19.516399383499998,170.231994629,VU,yes,FTA
large_airport,El Calafate - Commander Armando Tola International Airport,-50.281997,-72.053949,AR,yes,FTE
small_airport,Fitiuta Airport,-14.216131,-169.423771,AS,yes,FTI
medium_airport,Tôlanaro Airport,-25.038099,46.9561,MG,yes,FTU
medium_airport,Fort Worth Meacham International Airport,32.819919,-97.360818,US,yes,FTW
large_airport,Fuerteventura Airport,28.4527,-13.8638,ES,yes,FUE
medium_airport,Fuyang Xiguan Airport,32.882157,115.734364,CN,yes,FUG
medium_airport,Fukue Airport,32.666302,128.832993,JP,yes,FUJ
large_airport,Fukuoka Airport,33.585899353027344,130.4510040283203,JP,yes,FUK
medium_airport,Funafuti International Airport,-8.523885,179.196976,TV,yes,FUN
medium_airport,Foshan Shadi Airport,23.0825,113.070833,CN,yes,FUO
small_airport,Pointe Vele Airport,-14.311565,-178.066492,WF,yes,FUT
medium_airport,Fort Wayne International Airport,40.978896,-85.194465,US,yes,FWA
medium_airport,Fuyuan Dongji Airport,48.197219,134.36298,CN,yes,FYJ
medium_airport,Fuyun Koktokay Airport,46.804169,89.512006,CN,yes,FYN
medium_airport,Fort Yukon Airport,66.571651,-145.249987,US,yes,FYU
medium_airport,Gabès Matmata International Airport,33.733691,9.91941,TN,yes,GAE
medium_airport,Gafsa Ksar International Airport,34.422000885009766,8.822500228881836,TN,yes,GAF
medium_airport,Yamagata Airport,38.4119,140.371002,JP,yes,GAJ
medium_airport,Edward G. Pitka Sr Airport,64.736198,-156.936997,US,yes,GAL
medium_airport,Gambell Airport,63.767694,-171.733303,US,yes,GAM
large_airport,Gan International Airport,-0.692975,73.152627,MV,yes,GAN
medium_airport,Gao International Airport,16.248466,-0.005389,ML,yes,GAQ
large_airport,Lokpriya Gopinath Bordoloi International Airport,26.106654,91.585226,IN,yes,GAU
small_airport,Gamba Airport,-2.785278,10.047222,GA,yes,GAX
medium_airport,Gaya Airport,24.744301,84.951202,IN,yes,GAY
medium_airport,Gabala International Airport,40.808617,47.725389,AZ,yes,GBB
large_airport,Sir Seretse Khama International Airport,-24.555201,25.9182,BW,yes,GBE
small_airport,Kalaburagi Airport,17.308154,76.965246,IN,yes,GBI
medium_airport,Marie-Galante Airport,15.868925,-61.270087,GP,yes,GBJ
small_airport,Great Barrier Aerodrome,-36.241402,175.472,NZ,yes,GBZ
medium_airport,Northeast Wyoming Regional Airport,44.3489,-105.539001,US,yes,GCC
medium_airport,Gachsaran Airport,30.333869,50.833796,IR,yes,GCH
medium_airport,Guernsey Airport,49.435001,-2.60197,GG,yes,GCI
medium_airport,Garden City Regional Airport,37.9275016785,-100.723999023,US,yes,GCK
large_airport,Owen Roberts International Airport,19.292801,-81.357697,KY,yes,GCM
medium_airport,Grand Canyon National Park Airport,35.9524,-112.147003,US,yes,GCN
medium_airport,Gondia Airport,21.526817,80.290347,IN,yes,GDB
medium_airport,Gode Airport,5.93513011932,43.5786018372,ET,yes,GDE
large_airport,Guadalajara International Airport,20.523342,-103.310108,MX,yes,GDL
large_airport,Gdańsk Lech Wałęsa Airport,54.377602,18.4662,PL,yes,GDN
medium_airport,Gondar Airport,12.5199,37.433998,ET,yes,GDQ
medium_airport,JAGS McCartney International Airport,21.4445,-71.142303,TC,yes,GDT
medium_airport,Dawson Community Airport,47.137658,-104.80691,US,yes,GDV
medium_airport,Sokol Airport,59.9109992980957,150.72000122070312,RU,yes,GDX
medium_airport,Gelendzhik Airport,44.5820926295,38.0124807358,RU,yes,GDZ
medium_airport,Nouméa Magenta Airport,-22.257706,166.472822,NC,yes,GEA
medium_airport,Lefkoniko Airport / Geçitkale Air Base,35.23591,33.720088,CY,yes,GEC
large_airport,Spokane International Airport,47.6199,-117.533997,US,yes,GEG
medium_airport,Santo Ângelo Airport,-28.282503,-54.169623,BR,yes,GEL
medium_airport,President Obiang Nguema International Airport,1.676437,11.024904,GQ,yes,GEM
large_airport,Cheddi Jagan International Airport,6.49855,-58.254101,GY,yes,GEO
medium_airport,Rafael Cabrera Airport,21.834699630737305,-82.78379821777344,CU,yes,GER
large_airport,General Santos International Airport,6.057208,125.096243,PH,yes,GES
medium_airport,Geraldton Airport,-28.796101,114.707001,AU,yes,GET
medium_airport,Gällivare Airport,67.13240051269531,20.814599990844727,SE,yes,GEV
medium_airport,Griffith Airport,-34.2508010864,146.067001343,AU,yes,GFF
medium_airport,Grand Forks International Airport,47.949299,-97.176102,US,yes,GFK
small_airport,Almeirim Airport,-1.479524,-52.578214,BR,yes,GGF
medium_airport,East Texas Regional Airport,32.38399887084961,-94.71150207519531,US,yes,GGG
small_airport,Guaíra Airport,-24.0811,-54.1917,BR,yes,GGJ
small_airport,Garowe Airport,8.458474,48.568136,SO,yes,GGR
small_airport,Gobernador Gregores Airport,-48.7831,-70.150002,AR,yes,GGS
medium_airport,Exuma International Airport,23.562599,-75.877998,BS,yes,GGT
medium_airport,Glasgow Valley County Airport Wokal Field,48.212502,-106.614998,US,yes,GGW
medium_airport,Noumérat - Moufdi Zakaria Airport,32.384102,3.79411,DZ,yes,GHA
medium_airport,Governor's Harbour Airport,25.2847,-76.331001,BS,yes,GHB
medium_airport,Ghat Airport,25.1455993652,10.142600059500001,LY,yes,GHT
large_airport,Brașov-Ghimbav International Airport,45.70558,25.522871,RO,yes,GHV
large_airport,Gibraltar Airport,36.151679,-5.34978,GI,yes,GIB
small_airport,Boigu Island Airport,-9.23278,142.218002,AU,yes,GIC
medium_airport,Gitega Airport,-3.417209,29.911308,BI,yes,GID
large_airport,Rio Galeão – Tom Jobim International Airport,-22.809999,-43.250557,BR,yes,GIG
medium_airport,Gilgit Airport,35.918800354003906,74.33360290527344,PK,yes,GIL
medium_airport,Gisborne Airport,-38.6633,177.977997,NZ,yes,GIS
medium_airport,Jizan Regional Airport / King Abdullah bin Abdulaziz Airport,16.9011,42.5858,SA,yes,GIZ
medium_airport,La Laguna Airport,16.4454,-85.906601,HN,yes,GJA
large_airport,Jijel Ferhat Abbas Airport,36.794125,5.873652,DZ,yes,GJL
medium_airport,Grand Junction Regional Airport,39.126663,-108.529387,US,yes,GJT
medium_airport,Goroka Airport,-6.081689834590001,145.391998291,PG,yes,GKA
small_airport,Kooddoo Airport,0.7324,73.4336,MV,yes,GKK
medium_airport,Gulkana Airport,62.155859,-145.454662,US,yes,GKN
large_airport,Glasgow Airport,55.871899,-4.43306,GB,yes,GLA
medium_airport,Golfito Airport,8.65401,-83.182198,CR,yes,GLF
medium_airport,Mid Delta Regional Airport,33.482899,-90.985603,US,yes,GLH
small_airport,Galcaio Airport,6.78082990646,47.45470047,SO,yes,GLK
medium_airport,Gladstone Airport,-23.869763,151.225439,AU,yes,GLT
small_airport,Golovin Airport,64.550499,-163.007004,US,yes,GLV
medium_airport,Gemena Airport,3.23537,19.771299,CD,yes,GMA
medium_airport,Gambela Airport,8.12876,34.563099,ET,yes,GMB
medium_airport,Gomel Airport,52.527000427246094,31.016700744628906,BY,yes,GME
small_airport,Gasmata Island Airport,-6.27111005783,150.330993652,PG,yes,GMI
medium_airport,Gombe Lawanti International Airport,10.298889,10.9,NG,yes,GMO
large_airport,Gimpo International Airport,37.5583,126.791,KR,yes,GMP
medium_airport,Golog Maqên Airport,34.418066,100.301144,CN,yes,GMQ
medium_airport,Totegegie Airport,-23.07990074157715,-134.88999938964844,PF,yes,GMR
small_airport,La Gomera Airport,28.0296,-17.2146,ES,yes,GMZ
medium_airport,Grenoble Alpes Isère Airport,45.3629,5.32937,FR,yes,GNB
large_airport,Maurice Bishop International Airport,12.003996,-61.785302,GD,yes,GND
large_airport,Ganja International Airport,40.738692,46.320383,AZ,yes,GNJ
medium_airport,Binaka Airport,1.166275,97.705196,ID,yes,GNS
small_airport,Goodnews Airport,59.117561,-161.575241,US,yes,GNU
medium_airport,Gainesville Regional Airport,29.6900997162,-82.2717971802,US,yes,GNV
large_airport,Şanlıurfa GAP Airport,37.445663,38.895592,TR,yes,GNY
large_airport,Genoa Cristoforo Colombo Airport,44.412039,8.840732,IT,yes,GOA
large_airport,Nuuk International Airport,64.191066,-51.67914,GL,yes,GOH
large_airport,Goa Dabolim International Airport,15.380062,73.833328,IN,yes,GOI
large_airport,Nizhny Novgorod / Strigino International Airport,56.227351,43.785152,RU,yes,GOJ
large_airport,Goma International Airport,-1.666758,29.238037,CD,yes,GOM
medium_airport,Gorakhpur Airport,26.739700317399997,83.4496994019,IN,yes,GOP
medium_airport,Golmud Airport,36.4006,94.786102,CN,yes,GOQ
large_airport,Göteborg Landvetter Airport,57.6628,12.2798,SE,yes,GOT
large_airport,Garoua International Airport,9.334785,13.372129,CM,yes,GOU
medium_airport,Gove Airport,-12.269399642899998,136.817993164,AU,yes,GOV
large_airport,Manohar International Airport,15.744257,73.860625,IN,yes,GOX
small_airport,Tura Mountain Airport,64.333511,100.432892,RU,yes,GOY
medium_airport,Patras Araxos Agamemnon Airport,38.1511,21.4256,GR,yes,GPA
small_airport,Tancredo Thomas de Faria Airport,-25.388327,-51.52349,BR,yes,GPB
medium_airport,Guapi Airport,2.57013,-77.897969,CO,yes,GPI
medium_airport,Seymour Galapagos Ecological Airport,-0.453758,-90.2659,EC,yes,GPS
medium_airport,Gulfport Biloxi International Airport,30.405582,-89.069836,US,yes,GPT
medium_airport,Austin Straubel International Airport,44.483459,-88.130805,US,yes,GRB
medium_airport,Central Nebraska Regional Airport,40.967498779296875,-98.30960083007812,US,yes,GRI
large_airport,George Airport,-34.0056,22.378902,ZA,yes,GRJ
medium_airport,Killeen Regional Airport / Robert Gray Army Airfield,31.0672,-97.828903,US,yes,GRK
large_airport,Girona-Costa Brava Airport,41.904639,2.761774,ES,yes,GRO
large_airport,Groningen Airport Eelde,53.119107,6.577652,NL,yes,GRQ
large_airport,Gerald R. Ford International Airport,42.880798,-85.522797,US,yes,GRR
large_airport,São Paulo/Guarulhos–Governor André Franco Montoro International Airport,-23.431274,-46.469954,BR,yes,GRU
large_airport,Akhmat Kadyrov Grozny International Airport,43.388106,45.699772,RU,yes,GRV
medium_airport,Graciosa Airport,39.092201232910156,-28.029800415039062,PT,yes,GRW
medium_airport,F.G.L. Airport Granada-Jaén Airport,37.188702,-3.77736,ES,yes,GRX
medium_airport,Grímsey Airport,66.5458,-18.0173,IS,yes,GRY
large_airport,Graz Airport,46.9911,15.4396,AT,yes,GRZ
large_airport,Qeshm International Airport,26.754639,55.902353,IR,yes,GSM
large_airport,Piedmont Triad International Airport,36.09937,-79.937262,US,yes,GSO
medium_airport,Greenville-Spartanburg International Airport,34.895699,-82.218903,US,yes,GSP
medium_airport,Gustavus Airport,58.4253006,-135.7070007,US,yes,GST
large_airport,Gagarin International Airport,51.712778,46.171111,RU,yes,GSV
small_airport,Gatokae Aerodrome,-8.738358,158.202836,SB,yes,GTA
medium_airport,Groote Eylandt Airport,-13.972405,136.458553,AU,yes,GTE
medium_airport,Great Falls International Airport,47.481998,-111.371002,US,yes,GTF
small_airport,Jalaluddin Airport,0.637119,122.849998,ID,yes,GTO
medium_airport,Golden Triangle Regional Airport,33.450298,-88.5914,US,yes,GTR
large_airport,La Aurora International Airport,14.582896,-90.527515,GT,yes,GUA
small_airport,Guerrero Negro Airport,28.0261,-114.024002,MX,yes,GUB
medium_airport,Gunnison Crested Butte Regional Airport,38.534672,-106.934566,US,yes,GUC
large_airport,Antonio B. Won Pat International Airport,13.485,144.797282,GU,yes,GUM
medium_airport,Gallup Municipal Airport,35.511653,-108.788166,US,yes,GUP
medium_airport,Gurney Airport,-10.3114995956,150.333999634,PG,yes,GUR
large_airport,Atyrau International Airport,47.121318,51.820343,KZ,yes,GUW
small_airport,Guarapari Airport,-20.6465,-40.491901,BR,yes,GUZ
large_airport,Geneva International Airport,46.238098,6.10895,CH,yes,GVA
medium_airport,Coronel Altino Machado Airport,-18.895882,-41.982869,BR,yes,GVR
large_airport,New Gwadar International Airport,25.296733,62.498822,PK,yes,GWD
medium_airport,Gwalior Airport,26.29330062866211,78.22779846191406,IN,yes,GWL
medium_airport,Westerland Sylt Airport,54.9132,8.34047,DE,yes,GWT
large_airport,Seiyun Hadhramaut International Airport,15.965887,48.788146,YE,yes,GXF
medium_airport,Negage Airport,-7.754509925842285,15.287699699401855,AO,yes,GXG
medium_airport,Gannan Xiahe Airport,34.819014,102.622261,CN,yes,GXH
medium_airport,Guayaramerín Airport,-10.88856,-65.380955,BO,yes,GYA
large_airport,Heydar Aliyev International Airport,40.47278,50.050931,AZ,yes,GYD
large_airport,José Joaquín de Olmedo International Airport,-2.15742,-79.883598,EC,yes,GYE
medium_airport,General José María Yáñez International Airport,27.9689998626709,-110.92500305175781,MX,yes,GYM
large_airport,Santa Genoveva International Airport,-16.632,-49.220699,BR,yes,GYN
medium_airport,Guangyuan Panlong Airport,32.390254,105.694571,CN,yes,GYS
medium_airport,Guyuan Liupanshan Airport,36.078889,106.216944,CN,yes,GYU
medium_airport,Gary/Chicago International Airport,41.617087,-87.413206,US,yes,GYY
small_airport,Gruyere Airport,-28.034548,123.81506,AU,yes,GYZ
small_airport,Garze Gesar Airport,31.7575,99.554167,CN,yes,GZG
heliport,Xewkija Heliport,36.027199,14.2728,MT,yes,GZM
small_airport,Nusatupe Airport,-8.09778022766,156.863998413,SB,yes,GZO
medium_airport,Gazipaşa-Alanya Airport,36.298832,32.297017,TR,yes,GZP
large_airport,Gaziantep Oğuzeli International Airport,36.947201,37.478699,TR,yes,GZT
small_airport,Hasvik Airport,70.486702,22.1397,NO,yes,HAA
medium_airport,Hachijojima Airport,33.114843,139.785645,JP,yes,HAC
medium_airport,Halmstad Airport,56.69110107421875,12.820199966430664,SE,yes,HAD
large_airport,Prince Said Ibrahim International Airport,-11.5337,43.2719,KM,yes,HAH
large_airport,Hannover Airport,52.461102,9.68508,DE,yes,HAJ
large_airport,Haikou Meilan International Airport,19.9349,110.459,CN,yes,HAK
small_airport,Halali Airport,-19.0285,16.4585,NA,yes,HAL
large_airport,Hamburg Helmut Schmidt Airport,53.630402,9.98823,DE,yes,HAM
large_airport,Noi Bai International Airport,21.221201,105.806999,VN,yes,HAN
large_airport,Hanimaadhoo International Airport,6.743235,73.167072,MV,yes,HAQ
large_airport,Hail International Airport,27.437901,41.686298,SA,yes,HAS
medium_airport,"Haugesund Airport, Karmøy",59.345299,5.20836,NO,yes,HAU
large_airport,José Martí International Airport,22.989200592041016,-82.40910339355469,CU,yes,HAV
large_airport,Hobart International Airport,-42.837032,147.513022,AU,yes,HBA
large_airport,Alexandria International Airport,30.93249,29.696437,EG,yes,HBE
small_airport,Haibei Qilian Airport,38.008068,100.645065,CN,yes,HBQ
seaplane_base,Hambantota Seaplane Base,6.124043,81.103,LK,yes,HBT
medium_airport,Hubballi Airport,15.361084,75.082096,IN,yes,HBX
medium_airport,Hechi Jinchengjiang Airport,24.804344,107.710819,CN,yes,HCJ
medium_airport,Holy Cross Airport,62.18830108642578,-159.77499389648438,US,yes,HCR
medium_airport,Chenzhou Beihu Airport,25.753419,112.845404,CN,yes,HCZ
small_airport,Hyderabad Airport,25.3181,68.366096,PK,yes,HDD
medium_airport,Heringsdorf Airport,53.8787,14.1523,DE,yes,HDF
medium_airport,Handan Airport,36.524824,114.424126,CN,yes,HDG
small_airport,Kulhudhuffushi Airport,6.630762,73.067815,MV,yes,HDK
medium_airport,Hamadan Airport,34.866416,48.56069,IR,yes,HDM
medium_airport,Yampa Valley Airport,40.481201,-107.218002,US,yes,HDN
small_airport,Hindon Airport / Hindon Air Force Station,28.707701,77.358902,IN,yes,HDO
medium_airport,Eastgate Airport / Air Force Base Hoedspruit,-24.361864,31.052921,ZA,yes,HDS
large_airport,Hat Yai International Airport,6.93321,100.392998,TH,yes,HDY
large_airport,Herat - Khwaja Abdullah Ansari International Airport,34.209999,62.228298,AF,yes,HEA
medium_airport,Heho Airport,20.74714,96.792029,MM,yes,HEH
small_airport,Heide-Büsum Airport,54.153332,8.901667,DE,yes,HEI
medium_airport,Heihe Aihui Airport,50.171621,127.308884,CN,yes,HEK
large_airport,Helsinki Vantaa Airport,60.318363,24.963341,FI,yes,HEL
large_airport,Heraklion International Nikos Kazantzakis Airport,35.339699,25.1803,GR,yes,HER
large_airport,Hohhot Baita International Airport,40.849658,111.824598,CN,yes,HET
medium_airport,Uri Michaeli Haifa International Airport,32.810219,35.043719,IL,yes,HFA
large_airport,Hefei Xinqiao International Airport,31.98779,116.9769,CN,yes,HFE
medium_airport,Hornafjörður Airport,64.295601,-15.2272,IS,yes,HFN
small_airport,Hagfors Airport,60.0201,13.5789,SE,yes,HFS
medium_airport,Hammerfest Airport,70.679703,23.6686,NO,yes,HFT
large_airport,Egal International Airport,9.514082,44.083469,SO,yes,HGA
small_airport,Hughenden Airport,-20.815001,144.225006,AU,yes,HGD
large_airport,Hangzhou Xiaoshan International Airport,30.23609,120.428865,CN,yes,HGH
medium_airport,Itanagar Donyi Polo Hollongi Airport,26.96683,93.638792,IN,yes,HGI
small_airport,Helgoland-Düne Airport,54.18528,7.915833,DE,yes,HGL
medium_airport,Mae Hong Son Airport,19.3013,97.9758,TH,yes,HGN
medium_airport,Korhogo Airport,9.38718,-5.55666,CI,yes,HGO
medium_airport,Hagerstown Regional Richard A Henson Field,39.708771,-77.728014,US,yes,HGR
medium_airport,Mount Hagen Kagamuga Airport,-5.828212,144.299412,PG,yes,HGU
medium_airport,Hilton Head Airport,32.2244,-80.697502,US,yes,HHH
large_airport,Frankfurt-Hahn Airport,49.946353,7.261734,DE,yes,HHN
heliport,Shun Tak Heliport,22.288868,114.152369,HK,yes,HHP
medium_airport,Hua Hin Airport,12.6361999512,99.951499939,TH,yes,HHQ
medium_airport,Jack Northrop Field Hawthorne Municipal Airport,33.922798,-118.334999,US,yes,HHR
small_airport,Hikueru Airport,-17.548297,-142.612037,PF,yes,HHZ
large_airport,Huai'an Lianshui Airport,33.792712,119.126657,CN,yes,HIA
medium_airport,Range Regional Airport,47.384831,-92.836905,US,yes,HIB
medium_airport,Horn Island Airport,-10.585636,142.29277,AU,yes,HID
medium_airport,Lake Havasu City Airport,34.570506,-114.357745,US,yes,HII
large_airport,Hiroshima Airport,34.4361,132.919006,JP,yes,HIJ
small_airport,Shilavo Airport,6.077545,44.763736,ET,yes,HIL
medium_airport,Sacheon Airport / Sacheon Air Base,35.088591,128.071747,KR,yes,HIN
large_airport,Honiara International Airport,-9.428,160.054993,SB,yes,HIR
seaplane_base,Hayman Island Resort Seaplane Base,-20.059999465942383,148.88099670410156,AU,yes,HIS
small_airport,Hejing Bayinbuluke Airport,42.976395,83.995543,CN,yes,HJB
medium_airport,Huaihua Zhijiang Airport,27.443087,109.704666,CN,yes,HJJ
medium_airport,Khajuraho Airport,24.8172,79.918602,IN,yes,HJR
large_airport,Hakodate Airport,41.77,140.822006,JP,yes,HKD
large_airport,Hong Kong International Airport,22.31184,113.914862,HK,yes,HKG
medium_airport,Hokitika Airfield,-42.713600158691406,170.98500061035156,NZ,yes,HKK
medium_airport,Hoskins Airport,-5.463846,150.407327,PG,yes,HKN
large_airport,Phuket International Airport,8.113257,98.3174,TH,yes,HKT
large_airport,Lanseria International Airport,-25.938964,27.926642,ZA,yes,HLA
large_airport,Hulunbuir Hailar Airport,49.208616,119.822301,CN,yes,HLD
medium_airport,Saint Helena International Airport,-15.958898,-5.646066,SH,yes,HLE
small_airport,Ulanhot Yilelite Airport,46.195333,122.008333,CN,yes,HLH
medium_airport,Helena Regional Airport,46.6068,-111.983002,US,yes,HLN
large_airport,Halim Perdanakusuma International Airport,-6.266989,106.890318,ID,yes,HLP
medium_airport,Hamilton International Airport,-37.866961,175.331952,NZ,yes,HLZ
medium_airport,Khanty Mansiysk Airport,61.0285,69.086098,RU,yes,HMA
large_airport,Suhaj International Airport,26.342515,31.743017,EG,yes,HMB
medium_airport,Hassi Messaoud-Oued Irara Krim Belkacem Airport,31.673,6.14044,DZ,yes,HME
medium_airport,Hami Airport,42.8414,93.669197,CN,yes,HMI
large_airport,General Ignacio L. Pesqueira International Airport,29.092811,-111.053015,MX,yes,HMO
small_airport,Haji Muhammad Sidik Airport,-1.02581,114.92881,ID,yes,HMS
small_airport,Hemavan Airport,65.806099,15.0828,SE,yes,HMV
medium_airport,Iwate Hanamaki Airport,39.4286,141.134995,JP,yes,HNA
large_airport,Tokyo Haneda International Airport,35.549678,139.786958,JP,yes,HND
small_airport,Hoonah Airport,58.0961,-135.410111,US,yes,HNH
large_airport,Daniel K. Inouye International Airport,21.318387,-157.92567,US,yes,HNL
medium_airport,Hana Airport,20.795601,-156.014008,US,yes,HNM
medium_airport,Haines Airport,59.243921,-135.523925,US,yes,HNS
small_airport,Hengyang Nanyue Airport,26.72208,112.617958,CN,yes,HNY
medium_airport,Lea County Regional Airport,32.6875,-103.217003,US,yes,HOB
large_airport,Al-Ahsa International Airport,25.285299,49.485199,SA,yes,HOF
large_airport,Frank Pais International Airport,20.785148,-76.315526,CU,yes,HOG
medium_airport,Hao Airport,-18.0748,-140.945999,PF,yes,HOI
small_airport,Hooker Creek Airport,-18.3367004395,130.638000488,AU,yes,HOK
medium_airport,Homer Airport,59.644456,-151.479235,US,yes,HOM
medium_airport,Horta Airport,38.519901275634766,-28.715900421142578,PT,yes,HOR
medium_airport,Memorial Field Airport,34.4788,-93.096262,US,yes,HOT
large_airport,William P. Hobby Airport,29.645336,-95.276812,US,yes,HOU
medium_airport,"Ørsta-Volda Airport, Hovden",62.180000305176,6.0741000175476,NO,yes,HOV
medium_airport,Lifuka Island Airport,-19.777000427246094,-174.34100341796875,TO,yes,HPA
small_airport,Hooper Bay Airport,61.523899,-166.147003,US,yes,HPB
medium_airport,Shennongjia Hongping Airport,31.626,110.34,CN,yes,HPG
large_airport,Cat Bi International Airport,20.817428,106.724315,VN,yes,HPH
medium_airport,Westchester County Airport,41.06700134277344,-73.70760345458984,US,yes,HPN
medium_airport,Tashikuergan Hongqilafu Airport,37.661333,75.288877,CN,yes,HQL
small_airport,Anyang Hongqiqu Airport,35.870833,114.461944,CN,yes,HQQ
large_airport,Harbin Taiping International Airport,45.623402,126.25,CN,yes,HRB
large_airport,Robert Gabriel Mugabe International Airport,-17.931801,31.0928,ZW,yes,HRE
small_airport,Hoarafushi Airport,6.96967,72.896287,MV,yes,HRF
large_airport,Hurghada International Airport,27.176776,33.796692,EG,yes,HRG
small_airport,Aligarh Airport,27.861437,78.145404,IN,yes,HRH
large_airport,Mattala Rajapaksa International Airport,6.283878,81.124163,LK,yes,HRI
medium_airport,Valley International Airport,26.228500366210938,-97.65440368652344,US,yes,HRL
medium_airport,Boone County Airport,36.26150131225586,-93.15470123291016,US,yes,HRO
large_airport,Hazrat Sultan International Airport,43.311087,68.550352,KZ,yes,HSA
medium_airport,Shaoguan Danxia Airport,24.9786,113.420998,CN,yes,HSC
large_airport,Kyushu Saga International Airport,33.1497,130.302002,JP,yes,HSG
medium_airport,Huslia Airport,65.697899,-156.350998,US,yes,HSL
large_airport,Zhoushan Putuoshan International Airport,29.933874,122.362307,CN,yes,HSN
large_airport,Rajkot International Airport,22.378824,71.039391,IN,yes,HSR
large_airport,Maharaja Agrasen International Airport,29.186065,75.74142,IN,yes,HSS
medium_airport,Huntsville International Airport,34.636244,-86.774378,US,yes,HSV
large_airport,Chita-Kadala International Airport,52.024841,113.305839,RU,yes,HTA
medium_airport,Khatanga Airport,71.97810363769531,102.49099731445312,RU,yes,HTG
medium_airport,Hamilton Island Airport,-20.3581008911,148.95199585,AU,yes,HTI
medium_airport,Hotan Airport,37.03850173950195,79.86489868164062,CN,yes,HTN
medium_airport,Tri-State Airport / Milton J. Ferguson Field,38.366699,-82.557999,US,yes,HTS
medium_airport,Huatugou Airport,38.201645,90.837843,CN,yes,HTT
medium_airport,Hatay Airport,36.36079,36.285589,TR,yes,HTY
small_airport,Huehuetenango Airport,15.316667,-91.505556,GT,yes,HUG
medium_airport,Huahine-Fare Airport,-16.687084,-151.021593,PF,yes,HUH
medium_airport,Phu Bai International Airport,16.400628,107.703094,VN,yes,HUI
large_airport,Hualien Chiashan Airport,24.023163,121.617991,TW,yes,HUN
medium_airport,Holingol Huolinhe Airport,45.487222,119.407222,CN,yes,HUO
small_airport,Hughes Airport,66.04109955,-154.2630005,US,yes,HUS
medium_airport,Alferez Fap David Figueroa Fernandini Airport,-9.878809928894043,-76.20480346679688,PE,yes,HUU
large_airport,Bahías de Huatulco International Airport,15.775437,-96.260456,MX,yes,HUX
medium_airport,Humberside Airport,53.576152,-0.34954,GB,yes,HUY
medium_airport,Huizhou Pingtan Airport,23.049999,114.599998,CN,yes,HUZ
medium_airport,Hervey Bay Airport,-25.320127,152.880662,AU,yes,HVB
medium_airport,Khovd Airport,47.954102,91.628197,MN,yes,HVD
medium_airport,"Honningsvåg Airport, Valan",71.009697,25.983601,NO,yes,HVG
medium_airport,Tweed New Haven Airport,41.262869,-72.887694,US,yes,HVN
medium_airport,Havre City County Airport,48.541387,-109.762859,US,yes,HVR
large_airport,Halwara International Airport,30.748501,75.629799,IN,yes,HWR
medium_airport,Haixi Delingha Airport,37.125286,97.268658,CN,yes,HXD
medium_airport,Cape Cod Gateway Airport,41.6693,-70.280403,US,yes,HYA
large_airport,Rajiv Gandhi International Airport,17.231318,78.429855,IN,yes,HYD
seaplane_base,Hydaburg Seaplane Base,55.205227,-132.830286,US,yes,HYG
seaplane_base,Hollis Clark Bay Seaplane Base,55.481529,-132.646008,US,yes,HYL
medium_airport,Taizhou Luqiao Airport,28.562201,121.429001,CN,yes,HYN
medium_airport,Hays Regional Airport,38.844521,-99.273148,US,yes,HYS
medium_airport,Heze Mudan Airport,35.212972,115.736748,CN,yes,HZA
medium_airport,Hanzhong Chenggu Airport,33.133527,107.203817,CN,yes,HZG
medium_airport,Liping Airport,26.32217,109.1499,CN,yes,HZH
medium_airport,Igarka Airport,67.437202,86.621902,RU,yes,IAA
large_airport,Washington Dulles International Airport,38.9445,-77.455803,US,yes,IAD
medium_airport,Niagara Falls International Airport,43.1073,-78.946198,US,yes,IAG
large_airport,George Bush Intercontinental Airport,29.9844,-95.3414,US,yes,IAH
medium_airport,Zarzaitine - In Aménas Airport,28.0515,9.64291,DZ,yes,IAM
medium_airport,Bob Baker Memorial Airport,66.976128,-160.439014,US,yes,IAN
small_airport,Siargao Airport,9.8591,126.014,PH,yes,IAO
large_airport,Golden Ring Yaroslavl International Airport,57.560699,40.157398,RU,yes,IAR
large_airport,Iaşi International Airport,47.179633,27.621431,RO,yes,IAS
medium_airport,Ibadan Airport,7.362460136413574,3.97832989692688,NG,yes,IBA
small_airport,General Villamil Airport,-0.942628,-90.953003,EC,yes,IBB
medium_airport,Perales Airport,4.42161,-75.1333,CO,yes,IBE
large_airport,Ibaraki Airport,36.181456,140.414434,JP,yes,IBR
large_airport,Ibiza Airport,38.872898,1.37312,ES,yes,IBZ
small_airport,Andrés Miguel Salazar Marcano Airport,10.794432,-63.98159,VE,yes,ICC
small_airport,Cicia Airport,-17.7432994843,-179.341995239,FJ,yes,ICI
large_airport,Incheon International Airport,37.469101,126.450996,KR,yes,ICN
medium_airport,Wichita Dwight D. Eisenhower National Airport,37.650314,-97.428583,US,yes,ICT
medium_airport,Idaho Falls Regional Airport,43.514599,-112.070999,US,yes,IDA
large_airport,Devi Ahilya Bai Holkar International Airport,22.721404,75.80051,IN,yes,IDR
medium_airport,Zielona Góra-Babimost Airport,52.1385,15.7986,PL,yes,IEG
medium_airport,Ihor Sikorsky Kyiv International Airport (Zhuliany),50.40194,30.45194,UA,yes,IEV
medium_airport,Ísafjörður Airport,66.058098,-23.1353,IS,yes,IFJ
large_airport,Isfahan Shahid Beheshti International Airport,32.755142,51.883877,IR,yes,IFN
medium_airport,Ivano-Frankivsk International Airport,48.88420104980469,24.686100006103516,UA,yes,IFO
medium_airport,Inagua Airport,20.975,-73.666901,BS,yes,IGA
medium_airport,Iğdır Airport,39.976627,43.876648,TR,yes,IGD
small_airport,Igiugig Airport,59.324001,-155.901993,US,yes,IGG
medium_airport,Cataratas Del Iguazú International Airport,-25.737301,-54.4734,AR,yes,IGR
medium_airport,Magas Airport,43.323268,45.012568,RU,yes,IGT
large_airport,Cataratas International Airport,-25.594167,-54.489444,BR,yes,IGU
small_airport,Inishmaan Aerodrome,53.092999,-9.56806,IE,yes,IIA
medium_airport,Izhevsk Airport,56.834524,53.462172,RU,yes,IJK
large_airport,Imam Khomeini International Airport,35.416099548339844,51.152198791503906,IR,yes,IKA
heliport,Ikerasak Heliport,70.498145,-51.303084,GL,yes,IKE
medium_airport,Karakol International Airport,42.508099,78.407799,KG,yes,IKG
medium_airport,Iki Airport,33.7490005493,129.785003662,JP,yes,IKI
small_airport,Nikolski Air Station,52.941552,-168.849478,US,yes,IKO
medium_airport,Tiksi Airport,71.697700500488,128.90299987793,RU,yes,IKS
large_airport,Irkutsk International Airport,52.266707,104.395563,RU,yes,IKT
large_airport,Issyk-Kul International Airport,42.585584,76.701181,KG,yes,IKU
medium_airport,Lleida-Alguaire Airport,41.728185,0.535023,ES,yes,ILD
small_airport,Ilford Airport,56.051622,-95.61882,CA,yes,ILF
medium_airport,Wilmington Airport,39.678699,-75.606499,US,yes,ILG
medium_airport,Iliamna Airport,59.754398,-154.910996,US,yes,ILI
medium_airport,Wilmington International Airport,34.272345,-77.905117,US,yes,ILM
large_airport,Iloilo International Airport,10.833017,122.493358,PH,yes,ILO
medium_airport,Île des Pins Airport,-22.5889,167.455994,NC,yes,ILP
medium_airport,General Jorge Fernandez Maldon Airport,-17.695,-71.344002,PE,yes,ILQ
large_airport,General Tunde Idiagbon International Airport,8.44021,4.49392,NG,yes,ILR
medium_airport,Ilopango International Airport,13.6995,-89.119904,SV,yes,ILS
medium_airport,Islay Airport,55.682708,-6.257525,GB,yes,ILY
large_airport,Bir Tikendrajit International Airport,24.76,93.896698,IN,yes,IMF
small_airport,Simikot Airport,29.9711,81.818901,NP,yes,IMK
medium_airport,Prefeito Renato Moreira Airport,-5.53129,-47.459999,BR,yes,IMP
medium_airport,Ford Airport,45.81911,-88.114557,US,yes,IMT
small_airport,Independence Airport,16.53456,-88.441615,BZ,yes,INB
large_airport,Yinchuan Hedong International Airport,38.322758,106.393214,CN,yes,INC
large_airport,Indianapolis International Airport,39.7173,-86.294403,US,yes,IND
medium_airport,Inhambane Airport,-23.8764,35.408501,MZ,yes,INH
large_airport,Niš Constantine the Great Airport,43.336538,21.856242,RS,yes,INI
medium_airport,Falls International Airport,48.566200256347656,-93.4030990600586,US,yes,INL
large_airport,Innsbruck Airport,47.260201,11.344,AT,yes,INN
small_airport,Inongo Airport,-1.94722,18.285801,CD,yes,INO
small_airport,Inisheer Aerodrome,53.064701,-9.5109,IE,yes,INQ
medium_airport,Nauru International Airport,-0.547893,166.919525,NR,yes,INU
medium_airport,Inverness Airport,57.5425,-4.0475,GB,yes,INV
medium_airport,In Salah Airport,27.250999,2.51202,DZ,yes,INZ
medium_airport,Ioannina King Pyrrhus National Airport,39.6964,20.8225,GR,yes,IOA
large_airport,Isle of Man Airport,54.083081,-4.623871,IM,yes,IOM
heliport,Isortoq Heliport,65.547792,-38.976552,GL,yes,IOQ
small_airport,Inishmore Aerodrome,53.1067008972168,-9.653610229492188,IE,yes,IOR
medium_airport,Bahia - Jorge Amado Airport,-14.815929,-39.033458,BR,yes,IOS
heliport,Illorsuit Heliport,71.241944,-53.562877,GL,yes,IOT
large_airport,Mataveri International Airport,-27.165411,-109.421027,CL,yes,IPC
large_airport,Sultan Azlan Shah Airport,4.56733,101.091643,MY,yes,IPH
medium_airport,San Luis Airport,0.861946,-77.671783,CO,yes,IPI
medium_airport,Imperial County Airport,32.83539,-115.574026,US,yes,IPL
medium_airport,Usiminas Airport,-19.470699,-42.487598,BR,yes,IPN
medium_airport,Williamsport Regional Airport,41.242126,-76.92245,US,yes,IPT
medium_airport,Qiemo Yudu Airport,38.234516,85.465462,CN,yes,IQM
medium_airport,Qingyang Xifeng Airport,35.802638,107.598896,CN,yes,IQN
large_airport,Diego Aracena International Airport,-20.536273,-70.181373,CL,yes,IQQ
large_airport,Coronel FAP Francisco Secada Vignetta International Airport,-3.78474,-73.3088,PE,yes,IQT
small_airport,Ngorangora Airport,-10.449700355500001,161.897994995,SB,yes,IRA
small_airport,Circle City (New) Airport,65.827673,-144.076195,US,yes,IRC
medium_airport,Lockhart River Airport,-12.7869,143.304993,AU,yes,IRG
medium_airport,Capitan V A Almonacid Airport,-29.381599,-66.795799,AR,yes,IRJ
medium_airport,Kirksville Regional Airport,40.09349822998047,-92.5448989868164,US,yes,IRK
medium_airport,Matari Airport,2.82761,27.588301,CD,yes,IRP
small_airport,Tapuruquara Airport,-0.378604,-64.992558,BR,yes,IRZ
medium_airport,Mount Isa Airport,-20.66638,139.488468,AU,yes,ISA
large_airport,Islamabad International Airport,33.549,72.82566,PK,yes,ISB
small_airport,St. Mary's Airport,49.913375,-6.291894,GB,yes,ISC
medium_airport,Süleyman Demirel International Airport,37.8554,30.368401,TR,yes,ISE
medium_airport,New Ishigaki Airport,24.396389,124.245,JP,yes,ISG
large_airport,Nashik International Airport,20.119101,73.912903,IN,yes,ISK
medium_airport,Long Island MacArthur Airport,40.796324,-73.101703,US,yes,ISP
large_airport,İstanbul Airport,41.274874,28.732136,TR,yes,IST
medium_airport,Jalal Talabani International Airport,35.560487,45.315137,IQ,yes,ISU
medium_airport,Itaituba Airport,-4.242131,-56.000651,BR,yes,ITB
medium_airport,Ithaca Tompkins Regional Airport,42.49100112915039,-76.4583969116211,US,yes,ITH
large_airport,Osaka Itami International Airport,34.780853,135.440829,JP,yes,ITM
medium_airport,Hilo International Airport,19.72135,-155.045428,US,yes,ITO
small_airport,Iturup Airport,45.256389,147.95549,RU,yes,ITU
medium_airport,Niue International Airport,-19.080109,-169.923493,NU,yes,IUE
heliport,Innarsuit Heliport,73.199895,-56.010817,GL,yes,IUI
medium_airport,Invercargill Airport,-46.41239929199219,168.31300354003906,NZ,yes,IVC
large_airport,Ivalo Airport,68.6073,27.4053,FI,yes,IVL
medium_airport,Ivanovo South Airport,56.93939971923828,40.940799713134766,RU,yes,IWA
small_airport,Gogebic Iron County Airport,46.525298,-90.131578,US,yes,IWD
medium_airport,Iwami Airport,34.676399231,131.789993286,JP,yes,IWJ
medium_airport,Iwakuni Kintaikyo Airport,34.146333,132.247238,JP,yes,IWK
medium_airport,Agartala - Maharaja Bir Bikram Airport,23.886999,91.240402,IN,yes,IXA
large_airport,Bagdogra Airport,26.6812,88.328598,IN,yes,IXB
large_airport,Shaheed Bhagat Singh International Airport,30.6735,76.788498,IN,yes,IXC
medium_airport,Prayagraj Airport,25.4401,81.733902,IN,yes,IXD
large_airport,Mangaluru International Airport,12.95471,74.886812,IN,yes,IXE
medium_airport,Belagavi Airport,15.8593,74.618301,IN,yes,IXG
medium_airport,Lilabari North Lakhimpur Airport,27.295682,94.097266,IN,yes,IXI
medium_airport,Jammu Airport,32.688849,74.838152,IN,yes,IXJ
medium_airport,Keshod Airport,21.317101,70.270401,IN,yes,IXK
medium_airport,Leh Kushok Bakula Rimpochee Airport,34.135899,77.546501,IN,yes,IXL
medium_airport,Madurai Airport,9.83450984955,78.09339904790001,IN,yes,IXM
medium_airport,Pathankot Airport,32.233611,75.634444,IN,yes,IXP
medium_airport,Birsa Munda Airport,23.314300537100003,85.3217010498,IN,yes,IXR
medium_airport,Silchar Airport,24.9129009247,92.97869873050001,IN,yes,IXS
medium_airport,Aurangabad Airport,19.862875,75.396312,IN,yes,IXU
medium_airport,Kandla Airport,23.1127,70.100304,IN,yes,IXY
large_airport,Veer Savarkar International Airport / INS Utkrosh,11.640194,92.72902,IN,yes,IXZ
medium_airport,Presidente Itamar Franco Airport,-21.513086,-43.173069,BR,yes,IZA
medium_airport,Izumo Enmusubi Airport,35.413601,132.889999,JP,yes,IZO
medium_airport,General Antonio Cárdenas Rodríguez National Airport / Ixtepec Air Base,16.445961,-95.093708,MX,yes,IZT
medium_airport,Jackson Hole Airport,43.6073,-110.737999,US,yes,JAC
medium_airport,Shumba Airport,-5.59248,-78.774002,PE,yes,JAE
large_airport,Jaffna International Airport,9.79233,80.070099,LK,yes,JAF
large_airport,Jaipur International Airport,26.8242,75.812202,IN,yes,JAI
medium_airport,Jackson-Medgar Wiley Evers International Airport,32.311199,-90.075897,US,yes,JAN
medium_airport,Francisco Carle Airport,-11.7831001282,-75.47339630130001,PE,yes,JAU
medium_airport,Ilulissat Airport,69.243202,-51.057098,GL,yes,JAV
large_airport,Jacksonville International Airport,30.492469,-81.687813,US,yes,JAX
small_airport,Notohadinegoro Airport,-8.242494,113.693476,ID,yes,JBB
small_airport,Qitai Jiangbulake Airport,44.166086,89.55014,CN,yes,JBK
medium_airport,La Isabela International Airport,18.572500228881836,-69.98560333251953,DO,yes,JBQ
medium_airport,Jonesboro Municipal Airport,35.83169937133789,-90.64640045166016,US,yes,JBR
heliport,Qasigiannguit Heliport,68.822816,-51.173447,GL,yes,JCH
small_airport,Julia Creek Airport,-20.66830062866211,141.72300720214844,AU,yes,JCK
large_airport,České Budějovice South Bohemian Airport,48.948171,14.42832,CZ,yes,JCL
heliport,Ceuta Heliport,35.892657,-5.306321,ES,yes,JCU
medium_airport,Francisco de Assis Airport,-21.791482,-43.386072,BR,yes,JDF
medium_airport,Jodhpur Airport,26.251100540161133,73.04889678955078,IN,yes,JDH
small_airport,Orlando Bezerra de Menezes Airport,-7.21932,-39.269096,BR,yes,JDO
medium_airport,Jingdezhen Luojia Airport,29.3386,117.176003,CN,yes,JDZ
large_airport,King Abdulaziz International Airport,21.680241,39.157436,SA,yes,JED
medium_airport,Jérémie Airport,18.663099,-74.170303,HT,yes,JEE
medium_airport,Aasiaat Airport,68.721802,-52.784698,GL,yes,JEG
small_airport,Jeh Airport,7.565350055690001,168.962005615,MH,yes,JEJ
medium_airport,Jersey Airport,49.207901,-2.19551,JE,yes,JER
large_airport,John F. Kennedy International Airport,40.639447,-73.779317,US,yes,JFK
small_airport,Paamiut Airport,62.014736,-49.670937,GL,yes,JFR
medium_airport,Jamnagar Airport,22.465499877929688,70.01260375976562,IN,yes,JGA
small_airport,Jagdalpur Airport,19.074301,82.036797,IN,yes,JGB
medium_airport,Daxing'anling Elunchun Airport,50.371389,124.1175,CN,yes,JGD
large_airport,Jiayuguan International Airport,39.859052,98.339344,CN,yes,JGN
heliport,Qeqertarsuaq Heliport,69.251182,-53.514876,GL,yes,JGO
heliport,Kangilinnguit Heliport,61.22896,-48.09698,GL,yes,JGR
medium_airport,Jinggangshan Airport,26.856899,114.737,CN,yes,JGS
large_airport,Senai International Airport,1.64131,103.669998,MY,yes,JHB
large_airport,Xishuangbanna Gasa International Airport,21.974648,100.762224,CN,yes,JHG
medium_airport,Kapalua Airport,20.9629,-156.673004,US,yes,JHM
medium_airport,Sisimiut Airport,66.951302,-53.729301,GL,yes,JHS
large_airport,Djibouti-Ambouli Airport,11.5473,43.1595,DJ,yes,JIB
medium_airport,Jinchang Jinchuan Airport,38.542222,102.348333,CN,yes,JIC
large_airport,Gerad Wilwal International Airport,9.331907,42.911811,ET,yes,JIJ
small_airport,Ikaria Airport,37.6827011108,26.3470993042,GR,yes,JIK
medium_airport,Jimma Airport,7.66609001159668,36.81660079956055,ET,yes,JIM
small_airport,Jos Orno Imsula Airport,-8.140683,127.909669,ID,yes,JIO
medium_airport,Qianjiang Wulingshan Airport,29.5133333333,108.831111111,CN,yes,JIQ
small_airport,Jiujiang Lushan Airport,29.476944,115.801111,CN,yes,JIU
medium_airport,Comandante Ariston Pessoa Airport,-2.906425,-40.357338,BR,yes,JJD
small_airport,Humberto Ghizzo Bortoluzzi Regional Airport,-28.6753,-49.0596,BR,yes,JJG
small_airport,Mulika Lodge Airport,0.165083,38.195141,KE,yes,JJM
large_airport,Quanzhou Jinjiang International Airport,24.795855,118.588599,CN,yes,JJN
medium_airport,Qaqortoq Airport,60.76383,-46.065001,GL,yes,JJU
medium_airport,Jönköping Airport,57.757598876953125,14.068699836730957,SE,yes,JKG
medium_airport,Chios Island National Airport,38.34320068359375,26.140600204467773,GR,yes,JKH
small_airport,Kalymnos Airport,36.9632987976,26.9405994415,GR,yes,JKL
medium_airport,Janakpur Airport,26.708799,85.922401,NP,yes,JKR
small_airport,Jalgaon Airport,20.962678,75.627492,IN,yes,JLG
medium_airport,Joplin Regional Airport,37.151798,-94.498299,US,yes,JLN
medium_airport,Jabalpur Airport,23.177799,80.052002,IN,yes,JLR
medium_airport,Lancang Jingmai Airport,22.417733,99.784012,CN,yes,JMJ
medium_airport,Mykonos Island National Airport,37.435101,25.348101,GR,yes,JMK
small_airport,Jomsom Airport,28.780426,83.723,NP,yes,JMO
medium_airport,Jamestown Regional Airport,46.92969894,-98.67819977,US,yes,JMS
medium_airport,Jiamusi Songjiang International Airport,46.842793,130.46426,CN,yes,JMU
large_airport,O.R. Tambo International Airport,-26.140081,28.246801,ZA,yes,JNB
medium_airport,Jining Da'an Airport,35.647358,116.743269,CN,yes,JNG
medium_airport,Jiaxing Nanhu Airport,30.698056,120.663056,CN,yes,JNH
heliport,Nanortalik Heliport,60.141884,-45.232977,GL,yes,JNN
heliport,Narsaq Heliport,60.917283,-46.059923,GL,yes,JNS
medium_airport,Juneau International Airport,58.354935,-134.574416,US,yes,JNU
small_airport,Naxos Island National Airport,37.0811,25.368099,GR,yes,JNX
medium_airport,Jinzhou Bay Airport,40.936032,121.277114,CN,yes,JNZ
medium_airport,Joensuu Airport,62.658815,29.619398,FI,yes,JOE
medium_airport,Adisutjipto International Airport,-7.78818,110.431999,ID,yes,JOG
medium_airport,Lauro Carneiro de Loyola Airport,-26.224501,-48.797401,BR,yes,JOI
medium_airport,Jolo Airport,6.05367,121.011002,PH,yes,JOL
medium_airport,Yakubu Gowon Airport,9.639829635620117,8.869050025939941,NG,yes,JOS
large_airport,Presidente Castro Pinto International Airport,-7.148691,-34.950554,BR,yes,JPA
small_airport,Nagib Demachki Airport,-3.019798,-47.316474,BR,yes,JPE
small_airport,Ji-Paraná Airport,-10.870743,-61.846675,BR,yes,JPR
small_airport,Paraty Airport,-23.224044,-44.7234,BR,yes,JPY
small_airport,Qaarsut Airport,70.7342,-52.696201,GL,yes,JQA
heliport,West 30th Street Heliport,40.755107,-74.006896,US,yes,JRA
small_airport,Jharsuguda Airport,21.9135,84.0504,IN,yes,JRG
medium_airport,Jorhat Airport,26.730456,94.175416,IN,yes,JRH
large_airport,Kilimanjaro International Airport,-3.427049,37.07353,TZ,yes,JRO
medium_airport,Jaisalmer Airport,26.8887,70.864998,IN,yes,JSA
medium_airport,Sitia Airport,35.21609878540039,26.101299285888672,GR,yes,JSH
medium_airport,Skiathos Island National Airport,39.177101,23.5037,GR,yes,JSI
medium_airport,Jiansanjiang Shidi Airport,47.108248,132.65792,CN,yes,JSJ
small_airport,Jask Airport,25.654757,57.801718,IR,yes,JSK
medium_airport,Dr. Luciano de Arruda Coelho Regional Airport,-3.614488,-40.231426,BR,yes,JSO
medium_airport,Jessore Airport,23.1838,89.160797,BD,yes,JSR
medium_airport,John Murtha Johnstown Cambria County Airport,40.31610107421875,-78.83390045166016,US,yes,JST
small_airport,Maniitsoq Airport,65.412498,-52.9394,GL,yes,JSU
small_airport,Syros Airport,37.4227981567,24.950899124099998,GR,yes,JSY
medium_airport,Bauru/Arealva–Moussa Nakhal Tobias State Airport,-22.160755,-49.070325,BR,yes,JTC
large_airport,Santorini International Airport,36.400045,25.478638,GR,yes,JTR
small_airport,Astypalaia Airport,36.5798988342,26.3757991791,GR,yes,JTY
large_airport,Juba International Airport,4.87201,31.601101,SS,yes,JUB
small_airport,Chizhou Jiuhuashan Airport,30.7403,117.6856,CN,yes,JUH
small_airport,Juist Airport,53.681421,7.056398,DE,yes,JUI
large_airport,Gobernador Horacio Guzman International Airport,-24.392799,-65.097801,AR,yes,JUJ
heliport,Ukkusissat Heliport,71.049438,-51.890016,GL,yes,JUK
large_airport,Inca Manco Capac International Airport,-15.467689,-70.15653,PE,yes,JUL
small_airport,Jumla Airport,29.2742,82.193298,NP,yes,JUM
heliport,Nuugaatsiaq Heliport,71.538769,-53.205038,GL,yes,JUU
small_airport,Upernavik Airport,72.790199,-56.1306,GL,yes,JUV
medium_airport,Quzhou Airport,28.96613,118.898793,CN,yes,JUZ
medium_airport,Jixi Xingkaihu Airport,45.293,131.193,CN,yes,JXA
medium_airport,Jyväskylä Airport,62.399502,25.678301,FI,yes,JYV
medium_airport,Jiuzhai Huanglong Airport,32.853333,103.682222,CN,yes,JZH
small_airport,Kasama Airport,-10.210169,31.123045,ZM,yes,KAA
medium_airport,Kariba Airport,-16.5198,28.885,ZW,yes,KAB
medium_airport,Qamishli International Airport,37.020599,41.191399,SY,yes,KAC
large_airport,Kaduna International Airport,10.696,7.32011,NG,yes,KAD
seaplane_base,Kake Seaplane Base,56.973,-133.945999,US,yes,KAE
medium_airport,Kaieteur Airport,5.177349,-59.48898,GY,yes,KAI
medium_airport,Kajaani Airport,64.2855,27.6924,FI,yes,KAJ
small_airport,Kaltag Airport,64.31864,-158.74197,US,yes,KAL
large_airport,Mallam Aminu Kano International Airport,12.045613,8.523566,NG,yes,KAN
medium_airport,Kuusamo Airport,65.987602,29.239401,FI,yes,KAO
medium_airport,Kaitaia Airport,-35.069837,173.287053,NZ,yes,KAT
medium_airport,Kawthoung Airport,10.049300193786621,98.53800201416016,MM,yes,KAW
small_airport,Kalbarri Airport,-27.692813,114.259169,AU,yes,KAX
small_airport,Birch Creek Airport,66.2740020752,-145.824005127,US,yes,KBC
large_airport,Kabul International Airport,34.565899,69.212303,AF,yes,KBL
medium_airport,Sultan Ismail Petra Airport,6.1668500900268555,102.29299926757812,MY,yes,KBR
small_airport,Gusti Syamsir Alam Airport,-3.294796,116.163815,ID,yes,KBU
large_airport,Krabi International Airport,8.095591,98.988955,TH,yes,KBV
small_airport,Kuqa Qiuci Airport,41.677856,82.872917,CN,yes,KCA
seaplane_base,Coffman Cove Seaplane Base,56.012586,-132.835093,US,yes,KCC
small_airport,Chignik Airport,56.311501,-158.373001,US,yes,KCG
large_airport,Kuching International Airport,1.487364,110.352859,MY,yes,KCH
medium_airport,Kahramanmaraş Airport,37.5388259888,36.9535217285,TR,yes,KCM
small_airport,Chignik Lake Airport,56.255001,-158.774994,US,yes,KCQ
medium_airport,Koggala Airport,5.993680000305176,80.32029724121094,LK,yes,KCT
medium_airport,Krasnoyarsk Cheremshanka Airport,56.177584,92.545881,RU,yes,KCY
large_airport,Kochi Ryoma Airport,33.545217,133.670166,JP,yes,KCZ
small_airport,Khuzdar Airport,27.790599823,66.6473007202,PK,yes,KDD
large_airport,Ahmad Shah Baba International Airport,31.505769,65.847963,AF,yes,KDH
small_airport,Haluoleo Airport,-4.08161,122.417999,ID,yes,KDI
medium_airport,Kärdla Airport,58.99079895019531,22.830699920654297,EE,yes,KDL
medium_airport,Kaadedhdhoo Airport,0.488131,72.996902,MV,yes,KDM
medium_airport,Kadhdhoo Airport,1.8591699600219727,73.52189636230469,MV,yes,KDO
large_airport,Skardu International Airport,35.33866,75.538648,PK,yes,KDU
small_airport,Vunisea Airport,-19.058099746699998,178.156997681,FJ,yes,KDV
seaplane_base,Polgolla Reservoir Seaplane Base,7.3251,80.6422,LK,yes,KDZ
small_airport,Nanwalek Airport,59.3521,-151.925003,US,yes,KEB
large_airport,Keflavik International Airport,63.985001,-22.6056,IS,yes,KEF
seaplane_base,Kenmore Air Harbor LLC Seaplane Base,47.754799,-122.259003,US,yes,KEH
large_airport,Alexei Leonov Kemerovo International Airport,55.2701,86.107201,RU,yes,KEJ
medium_airport,Kemi-Tornio Airport,65.778701782227,24.582099914551,FI,yes,KEM
medium_airport,Nepalgunj Airport,28.1036,81.667,NP,yes,KEP
large_airport,Ayatollah Hashemi Rafsanjani International Airport,30.271276,56.949692,IR,yes,KER
medium_airport,Kengtung Airport,21.301599502563477,99.63600158691406,MM,yes,KET
small_airport,Keewaywin Airport,52.9911,-92.836403,CA,yes,KEW
small_airport,Kalkgurung Airport,-17.431900024414062,130.80799865722656,AU,yes,KFG
small_airport,False Pass Airport,54.84751,-163.407168,US,yes,KFP
medium_airport,Kananga Airport,-5.90005,22.4692,CD,yes,KGA
medium_airport,Kingscote Airport,-35.71390151977539,137.52099609375,AU,yes,KGC
large_airport,Khrabrovo Airport,54.89161,20.598559,RU,yes,KGD
small_airport,Kaghau Airport,-7.3305,157.585,SB,yes,KGE
large_airport,Sary-Arka Airport,49.670799,73.334396,KZ,yes,KGF
medium_airport,Kalgoorlie Boulder Airport,-30.791543,121.464586,AU,yes,KGI
small_airport,Koliganek Airport,59.726600647,-157.259002686,US,yes,KGK
large_airport,Kigali International Airport,-1.96863,30.1395,RW,yes,KGL
medium_airport,Kogalym International Airport,62.190399169921875,74.53379821777344,RU,yes,KGP
heliport,Kangersuatsiaq Heliport,72.381092,-55.536586,GL,yes,KGQ
large_airport,"Kos International Airport ""Ippokratis""",36.794523,27.09115,GR,yes,KGS
medium_airport,Kangding Airport,30.142464,101.73872,CN,yes,KGT
small_airport,Grayling Airport,62.895187,-160.066289,US,yes,KGX
medium_airport,Khoram Abad Airport,33.43539810180664,48.282901763916016,IR,yes,KHD
medium_airport,Kherson International Airport,46.6758,32.506401,UA,yes,KHE
large_airport,Kashgar Laining International Airport,39.542273,76.02023,CN,yes,KHG
large_airport,Kaohsiung International Airport,22.577101,120.349998,TW,yes,KHH
large_airport,Jinnah International Airport,24.9065,67.160797,PK,yes,KHI
medium_airport,Khark Airport,29.260503,50.322193,IR,yes,KHK
small_airport,Kanti Airport,25.9883,95.6744,MM,yes,KHM
large_airport,Nanchang Changbei International Airport,28.864815,115.90271,CN,yes,KHN
medium_airport,Khasab Airport,26.171,56.240601,OM,yes,KHS
medium_airport,Khost International Airport,33.284605,69.80734,AF,yes,KHT
medium_airport,Khabarovsk Novy Airport,48.528338,135.188588,RU,yes,KHV
medium_airport,Savannah Airstrip,-0.7165,29.6997,UG,yes,KHX
small_airport,Kauehi Airport,-15.780622,-145.128443,PF,yes,KHZ
small_airport,Aropa Airport,-6.305727,155.728249,PG,yes,KIE
small_airport,Kingfisher Lake Airport,53.01250076293945,-89.85530090332031,CA,yes,KIF
large_airport,Kish International Airport,26.525427,53.980462,IR,yes,KIH
large_airport,Niigata Airport,37.954166,139.112189,JP,yes,KIJ
large_airport,Kirkuk International Airport,35.469501,44.3489,IQ,yes,KIK
large_airport,Kimberley Airport,-28.805401,24.764872,ZA,yes,KIM
large_airport,Norman Manley International Airport,17.935699462890625,-76.7874984741211,JM,yes,KIN
small_airport,Kili Airport,5.64386,169.124586,MH,yes,KIO
medium_airport,Kerry Airport,52.180901,-9.52378,IE,yes,KIR
large_airport,Kisumu International Airport,-0.086139,34.728901,KE,yes,KIS
small_airport,Kithira Airport,36.273978,23.016719,GR,yes,KIT
large_airport,Kansai International Airport,34.427299,135.244003,JP,yes,KIX
large_airport,Krasnoyarsk International Airport,56.175743,92.485788,RU,yes,KJA
medium_airport,Kurnool Airport,15.716288,78.16923,IN,yes,KJB
medium_airport,Kaili Huangping Airport,26.972,107.988,CN,yes,KJH
medium_airport,Burqin Kanas Airport,48.2223,86.9959,CN,yes,KJI
medium_airport,Kertajati International Airport,-6.647384,108.165561,ID,yes,KJT
small_airport,Koyuk Alfred Adams Airport,64.939499,-161.154007,US,yes,KKA
seaplane_base,Kitoi Bay Seaplane Base,58.190899,-152.369995,US,yes,KKB
medium_airport,Khon Kaen Airport,16.466600418099997,102.783996582,TH,yes,KKC
medium_airport,Kerikeri Airport,-35.259148,173.913317,NZ,yes,KKE
small_airport,Kongiganak Airport,59.9608,-162.880997,US,yes,KKH
small_airport,Akiachak Airport,60.913809,-161.493329,US,yes,KKI
large_airport,Kitakyushu Airport,33.845901,131.035004,JP,yes,KKJ
medium_airport,"Kirkenes Airport, Høybuktmoen",69.7258,29.8913,NO,yes,KKN
medium_airport,Kaukura Airport,-15.6633,-146.884995,PF,yes,KKR
medium_airport,Kashan Airport,33.895302,51.577,IR,yes,KKS
medium_airport,Kikwit Airport,-5.03577,18.785601,CD,yes,KKW
medium_airport,Kikai Airport,28.321300506599997,129.927993774,JP,yes,KKX
small_airport,Kalskag Airport,61.53630065917969,-160.34100341796875,US,yes,KLG
medium_airport,Kolhapur Airport,16.6647,74.289398,IN,yes,KLH
small_airport,Larsen Bay Airport,57.53516,-153.976455,US,yes,KLN
large_airport,Kalibo International Airport,11.6794,122.375999,PH,yes,KLO
small_airport,Seruyan Kuala Pembuang Airport,-3.376062,112.536521,ID,yes,KLP
medium_airport,Kalmar Airport,56.685501,16.2876,SE,yes,KLR
large_airport,Klagenfurt Airport,46.642502,14.3377,AT,yes,KLU
large_airport,Karlovy Vary Airport,50.202999,12.915,CZ,yes,KLV
medium_airport,Klawock Airport,55.579201,-133.076004,US,yes,KLW
medium_airport,Kalamata Airport,37.06829833984375,22.02549934387207,GR,yes,KLX
medium_airport,Kerema Airport,-7.96361017227,145.770996094,PG,yes,KMA
medium_airport,King Khaled Military City Airport,27.9009,45.528198,SA,yes,KMC
medium_airport,Kamembe Airport,-2.462239980697632,28.907899856567383,RW,yes,KME
large_airport,Kunming Changshui International Airport,25.110313,102.936743,CN,yes,KMG
large_airport,Miyazaki Airport,31.877199,131.449005,JP,yes,KMI
large_airport,Kumamoto Airport,32.837299,130.854996,JP,yes,KMJ
small_airport,Kamina City Airport,-8.728878,24.991407,CD,yes,KMN
small_airport,Manokotak Airport,58.932056,-158.901886,US,yes,KMO
large_airport,Komatsu Airport / JASDF Komatsu Air Base,36.393407,136.406895,JP,yes,KMQ
large_airport,Prempeh I International Airport,6.71456,-1.59082,GH,yes,KMS
medium_airport,Kostroma Sokerkino Airport,57.796902,41.019402,RU,yes,KMW
seaplane_base,Moser Bay Seaplane Base,57.0256,-154.145996,US,yes,KMY
medium_airport,Kindu Airport,-2.91917991638,25.915399551399997,CD,yes,KND
medium_airport,Utarom Airport,-3.6446,133.695116,ID,yes,KNG
medium_airport,Kinmen Airport,24.4279,118.359001,TW,yes,KNH
small_airport,Kokhanok Airport,59.433248,-154.80217,US,yes,KNK
large_airport,Kualanamu International Airport,3.637847,98.870566,ID,yes,KNO
medium_airport,Koné Airport,-21.053551,164.838768,NC,yes,KNQ
medium_airport,King Island Airport,-39.877498626708984,143.8780059814453,AU,yes,KNS
medium_airport,Kanpur Airport,26.404301,80.410103,IN,yes,KNU
small_airport,New Stuyahok Airport,59.451838,-157.373829,US,yes,KNW
medium_airport,East Kimberley Regional (Kununurra) Airport,-15.7781,128.707993,AU,yes,KNX
large_airport,Ellison Onizuka Kona International Airport at Keāhole,19.738783,-156.045603,US,yes,KOA
small_airport,Koumac Airport,-20.546323,164.255648,NC,yes,KOC
medium_airport,El Tari Airport,-10.1716,123.670998,ID,yes,KOE
medium_airport,Kirkwall Airport,58.957903,-2.905077,GB,yes,KOI
large_airport,Kagoshima Airport,31.8034,130.718994,JP,yes,KOJ
medium_airport,Kokkola-Pietarsaari Airport,63.721199,23.143101,FI,yes,KOK
medium_airport,Nakhon Phanom Airport,17.383801,104.642998,TH,yes,KOP
large_airport,Sihanouk International Airport,10.570557,103.632067,KH,yes,KOS
small_airport,Kotlik Airport,63.030602,-163.533005,US,yes,KOT
large_airport,Kokshetau International Airport,53.329102,69.594597,KZ,yes,KOV
small_airport,Ganzhou Huangjin Airport,25.853333,114.778889,CN,yes,KOW
seaplane_base,Olga Bay Seaplane Base,57.161499,-154.229996,US,yes,KOY
small_airport,Ouzinkie Airport,57.942094,-152.464314,US,yes,KOZ
seaplane_base,Point Baker Seaplane Base,56.351898,-133.623001,US,yes,KPB
small_airport,Kipnuk Airport,59.931796,-164.028196,US,yes,KPN
medium_airport,Pohang Airport (G-815/K-3),35.987955,129.420383,KR,yes,KPO
seaplane_base,Port Williams Seaplane Base,58.490101,-152.582001,US,yes,KPR
small_airport,Perryville Airport,55.9065,-159.16091,US,yes,KPV
medium_airport,Keperveem Airport,67.845001,166.139999,RU,yes,KPW
seaplane_base,Port Bailey Seaplane Base,57.931257,-153.040838,US,yes,KPY
small_airport,Akutan Airport,54.14459,-165.604332,US,yes,KQA
medium_airport,Kishangarh Airport Ajmer,26.591007,74.812956,IN,yes,KQH
small_airport,Karara Airport,-29.217223,116.687154,AU,yes,KQR
large_airport,Bokhtar International Airport,37.866315,68.864475,TJ,yes,KQT
small_airport,Karumba Airport,-17.45669937133789,140.8300018310547,AU,yes,KRB
small_airport,Departi Parbo Airport,-2.094042,101.47025,ID,yes,KRC
small_airport,Kirundo Airport,-2.544772,30.094575,BI,yes,KRE
medium_airport,Kramfors-Sollefteå Höga Kusten Airport,63.048599,17.7689,SE,yes,KRF
small_airport,Kikori Airport,-7.42438,144.250076,PG,yes,KRI
large_airport,Kraków John Paul II International Airport,50.077702,19.7848,PL,yes,KRK
medium_airport,Korla Licheng Airport,41.614979,86.140817,CN,yes,KRL
large_airport,Kiruna Airport,67.821999,20.3368,SE,yes,KRN
medium_airport,Kurgan Airport,55.4753,65.415604,RU,yes,KRO
medium_airport,Midtjyllands Airport / Air Base Karup,56.297139,9.104311,DK,yes,KRP
large_airport,Krasnodar Pashkovsky International Airport,45.034465,39.174215,RU,yes,KRR
large_airport,Kristiansand Airport,58.204201,8.08537,NO,yes,KRS
large_airport,Khartoum International Airport,15.5895,32.5532,SD,yes,KRT
medium_airport,Turkmenbaşy International Airport,40.062833,53.005085,TM,yes,KRW
small_airport,Karamay Airport,45.46655,84.9527,CN,yes,KRY
large_airport,Kosrae International Airport,5.35698,162.957993,FM,yes,KSA
medium_airport,Košice International Airport,48.663101,21.2411,SK,yes,KSC
medium_airport,Karlstad Airport,59.444698,13.3374,SE,yes,KSD
large_airport,Kassel Airport,51.418395,9.391638,DE,yes,KSF
medium_airport,Shahid Ashrafi Esfahani Airport,34.3459014893,47.1581001282,IR,yes,KSH
small_airport,Kasos Airport,35.4213981628,26.909999847399998,GR,yes,KSJ
medium_airport,Kassala Airport,15.387499809265137,36.328800201416016,SD,yes,KSL
small_airport,St Mary's Airport,62.060501,-163.302002,US,yes,KSM
large_airport,Kostanay International Airport,53.206902,63.550301,KZ,yes,KSN
small_airport,Kastoria National Airport Aristotle,40.446301,21.2822,GR,yes,KSO
small_airport,Karshi Airport,38.802246,65.773068,UZ,yes,KSQ
small_airport,Selayar - Haji Aroeppala Airport,-6.17921,120.437479,ID,yes,KSR
medium_airport,"Kristiansund Airport, Kvernberget",63.111801,7.82452,NO,yes,KSU
medium_airport,Kars Airport,40.562198638916016,43.1150016784668,TR,yes,KSY
medium_airport,Kotlas Airport,61.235801696777344,46.6974983215332,RU,yes,KSZ
medium_airport,Karratha Airport,-20.712200164799995,116.773002625,AU,yes,KTA
seaplane_base,Thorne Bay Seaplane Base,55.682762,-132.532883,US,yes,KTB
medium_airport,Kitadaito Airport,25.9447002411,131.32699585,JP,yes,KTD
medium_airport,Rahadi Osman Airport,-1.817165,109.963469,ID,yes,KTG
large_airport,Techo International Airport,11.359987,104.921272,KH,yes,KTI
large_airport,Tribhuvan International Airport,27.6966,85.3591,NP,yes,KTM
medium_airport,Ketchikan International Airport,55.35559845,-131.7140045,US,yes,KTN
medium_airport,Tinson Pen Airport,17.98859977722168,-76.82379913330078,JM,yes,KTP
small_airport,Brevig Mission Airport,65.331826,-166.467848,US,yes,KTS
large_airport,Kittilä International Airport,67.700996,24.8468,FI,yes,KTT
large_airport,Katowice Wojciech Korfanty International Airport,50.476015,19.080705,PL,yes,KTW
medium_airport,Kuantan Airport,3.7753899097442627,103.20899963378906,MY,yes,KUA
small_airport,Kudat Airport,6.924111,116.837068,MY,yes,KUD
large_airport,Kurumoch International Airport,53.504902,50.164299,RU,yes,KUF
small_airport,Kubin Island Airport,-10.22648,142.219619,AU,yes,KUG
medium_airport,Kushiro Airport,43.041,144.192993,JP,yes,KUH
small_airport,Kasigluk Airport,60.872747,-162.5247,US,yes,KUK
large_airport,Kuala Lumpur International Airport,2.74558,101.709999,MY,yes,KUL
medium_airport,Yakushima Airport,30.385599,130.658997,JP,yes,KUM
large_airport,Kaunas International Airport,54.963965,24.08582,LT,yes,KUN
large_airport,Kuopio Airport,63.007099,27.7978,FI,yes,KUO
medium_airport,Kulusuk Airport,65.573601,-37.1236,GL,yes,KUS
large_airport,David the Builder Kutaisi International Airport,42.177448,42.485353,GE,yes,KUT
medium_airport,Kullu Manali Airport,31.876699,77.154404,IN,yes,KUU
medium_airport,Gunsan Airport / Gunsan Air Base,35.903801,126.615997,KR,yes,KUV
heliport,Kuummiut Heliport,65.863935,-36.997919,GL,yes,KUZ
large_airport,Kavala Alexander the Great International Airport,40.9133,24.6192,GR,yes,KVA
small_airport,King Cove Airport,55.116299,-162.266006,US,yes,KVC
medium_airport,Kavieng Airport,-2.57940006256,150.807998657,PG,yes,KVG
small_airport,Kivalina Airport,67.734565,-164.559917,US,yes,KVL
small_airport,Markovo Airport,64.665446,170.417626,RU,yes,KVM
medium_airport,Morava Airport,43.817519,20.586662,RS,yes,KVO
medium_airport,Pobedilovo Airport,58.503883,49.347831,RU,yes,KVX
medium_airport,Bucholz Army Air Field,8.720120429992676,167.73199462890625,MH,yes,KWA
small_airport,Dewadaru Airport,-5.80091,110.47838,ID,yes,KWB
large_airport,Guiyang Longdongbao International Airport,26.541805,106.80402,CN,yes,KWE
medium_airport,Kryvyi Rih International Airport,48.04330062866211,33.209999084472656,UA,yes,KWG
large_airport,Kuwait International Airport,29.224487,47.969813,KW,yes,KWI
medium_airport,Gwangju Airport,35.123173,126.805444,KR,yes,KWJ
small_airport,Kwigillingok Airport,59.876499,-163.169005,US,yes,KWK
large_airport,Guilin Liangjiang International Airport,25.219828,110.039553,CN,yes,KWL
medium_airport,Kowanyama Airport,-15.485369,141.752572,AU,yes,KWM
small_airport,Quinhagak Airport,59.7551,-161.845,US,yes,KWN
seaplane_base,West Point Village Seaplane Base,57.770099639899996,-153.548995972,US,yes,KWP
small_airport,Kwethluk Airport,60.790298,-161.444,US,yes,KWT
medium_airport,Kolwezi Airport,-10.7659,25.505699,CD,yes,KWZ
seaplane_base,Kasaan Seaplane Base,55.537399,-132.397995,US,yes,KXA
medium_airport,Sangia Nibandera Airport,-4.338158,121.524047,ID,yes,KXB
small_airport,Koro Island Airport,-17.3458003998,179.42199707,FJ,yes,KXF
medium_airport,Komsomolsk-on-Amur Airport,50.409000396728516,136.9340057373047,RU,yes,KXK
small_airport,Kisoro Airport,-1.2837,29.7197,UG,yes,KXO
large_airport,Konya Airport,37.979,32.561901,TR,yes,KYA
medium_airport,Lanyu Airport,22.027000427246094,121.53500366210938,TW,yes,KYD
small_airport,Karluk Airport,57.565919,-154.453762,US,yes,KYK
medium_airport,Kyaukpyu Airport,19.42639923095703,93.53479766845703,MM,yes,KYP
medium_airport,Kayes Dag Dag Airport,14.482521,-11.399335,ML,yes,KYS
small_airport,Koyukuk Airport,64.876099,-157.727005,US,yes,KYU
medium_airport,Kyzyl Airport,51.669399,94.400597,RU,yes,KYZ
seaplane_base,Zachar Bay Seaplane Base,57.553001,-153.746052,US,yes,KZB
medium_airport,Kozani National Airport Filippos,40.286098,21.840799,GR,yes,KZI
large_airport,Kazan International Airport,55.606201,49.278702,RU,yes,KZN
large_airport,Korkyt Ata International Airport,44.706902,65.592499,KZ,yes,KZO
small_airport,Zafer Airport,39.111107,30.130405,TR,yes,KZR
small_airport,Kastelorizo Airport,36.141701,29.576401,GR,yes,KZS
large_airport,Quatro de Fevereiro International Airport,-8.85837,13.2312,AO,yes,LAD
large_airport,Nadzab Tomodachi International Airport,-6.567995,146.726544,PG,yes,LAE
medium_airport,Purdue University Airport,40.412875,-86.939363,US,yes,LAF
medium_airport,Lages Airport,-27.782101,-50.281502,BR,yes,LAJ
small_airport,Aklavik/Freddie Carmichael Airport,68.223297,-135.00599,CA,yes,LAK
medium_airport,Lakeland Linder International Airport,27.989267,-82.020715,US,yes,LAL
medium_airport,Capital Region International Airport,42.777582,-84.585721,US,yes,LAN
large_airport,Laoag International Airport,18.175089,120.531006,PH,yes,LAO
medium_airport,Manuel Márquez de León International Airport,24.072331,-110.362662,MX,yes,LAP
large_airport,Al Abraq International Airport,32.789036,21.954864,LY,yes,LAQ
medium_airport,Laramie Regional Airport,41.31209945678711,-105.67500305175781,US,yes,LAR
large_airport,Harry Reid International Airport,36.083361,-115.151817,US,yes,LAS
medium_airport,Manda Airport,-2.252431,40.912892,KE,yes,LAU
medium_airport,Lawton Fort Sill Regional Airport,34.567699,-98.416603,US,yes,LAW
large_airport,Los Angeles International Airport,33.942501,-118.407997,US,yes,LAX
large_airport,Leeds Bradford Airport,53.865898,-1.66057,GB,yes,LBA
medium_airport,Lubbock Preston Smith International Airport,33.663601,-101.822998,US,yes,LBB
medium_airport,Lübeck Blankensee Airport,53.805401,10.7192,DE,yes,LBC
large_airport,Khujand International Airport,40.215401,69.694702,TJ,yes,LBD
medium_airport,Arnold Palmer Regional Airport,40.275902,-79.4048,US,yes,LBE
medium_airport,North Platte Regional Airport Lee Bird Field,41.12620163,-100.6839981,US,yes,LBF
large_airport,Paris-Le Bourget International Airport,48.962276,2.436539,FR,yes,LBG
seaplane_base,Palm Beach Seaplane Base,-33.5871,151.3234,AU,yes,LBH
small_airport,Komodo Airport,-8.480694,119.888306,ID,yes,LBJ
medium_airport,Liberal Mid-America Regional Airport,37.0442009,-100.9599991,US,yes,LBL
small_airport,Long Banga Airport,3.202138,115.401811,MY,yes,LBP
small_airport,Lábrea Airport,-7.27897,-64.769501,BR,yes,LBR
medium_airport,Labasa Airport,-16.4667,179.339996,FJ,yes,LBS
medium_airport,Labuan Airport,5.301667,115.248333,MY,yes,LBU
large_airport,Libreville Leon M'ba International Airport,0.458951,9.41214,GA,yes,LBV
small_airport,Yuvai Semaring Airport,3.900495,115.690089,ID,yes,LBW
large_airport,Larnaca International Airport,34.875099,33.624901,CY,yes,LCA
small_airport,André Antônio Maggi Airport,-15.1934,-59.3848,BR,yes,LCB
medium_airport,Golosón International Airport,15.7425,-86.852997,HN,yes,LCE
medium_airport,A Coruña Airport,43.302101,-8.37726,ES,yes,LCG
medium_airport,Lake Charles Regional Airport,30.126100540161133,-93.22329711914062,US,yes,LCH
large_airport,Łódź Władysław Reymont Airport,51.721901,19.3981,PL,yes,LCJ
medium_airport,Rickenbacker International Airport,39.813801,-82.927803,US,yes,LCK
small_airport,Virgilio Barco Vargas (La Chorrera) Airport,-1.456361,-72.801086,CO,yes,LCR
medium_airport,Liancheng Guanzhishan Airport,25.67592,116.745907,CN,yes,LCX
medium_airport,London City Airport,51.505299,0.055278,GB,yes,LCY
medium_airport,Governor José Richa Airport,-23.334375,-51.128365,BR,yes,LDB
medium_airport,Tarbes-Lourdes-Pyrénées Airport,43.178699,-0.006439,FR,yes,LDE
small_airport,Leshukonskoye Airport,64.896004,45.723,RU,yes,LDG
small_airport,Lord Howe Island Airport,-31.538204,159.07546,AU,yes,LDH
medium_airport,Yichun Lindu Airport,47.752056,129.019125,CN,yes,LDS
medium_airport,Lahad Datu Airport,5.03241,118.32376,MY,yes,LDU
medium_airport,Saint-Laurent-du-Maroni Airport,5.481891,-54.034964,GF,yes,LDX
medium_airport,City of Derry Airport,55.042801,-7.16111,GB,yes,LDY
medium_airport,Learmonth Airport,-22.235201,114.090024,AU,yes,LEA
medium_airport,Lebanon Municipal Airport,43.626098632799994,-72.30419921880001,US,yes,LEB
small_airport,Coronel Horácio de Mattos Airport,-12.4823,-41.277,BR,yes,LEC
large_airport,Pulkovo Airport,59.800301,30.262501,RU,yes,LED
medium_airport,Almería Airport,36.843899,-2.3701,ES,yes,LEI
large_airport,Leipzig/Halle Airport,51.420657,12.232705,DE,yes,LEJ
small_airport,Lake Evella Airport,-12.498900413513184,135.80599975585938,AU,yes,LEL
medium_airport,León Airport,42.590709,-5.653406,ES,yes,LEN
small_airport,Land's End Airport,50.102798,-5.67056,GB,yes,LEQ
medium_airport,Leinster Airport,-27.843299865722656,120.7030029296875,AU,yes,LER
medium_airport,Alfredo Vásquez Cobo International Airport,-4.191147,-69.942003,CO,yes,LET
medium_airport,Pirineus - la Seu d'Urgel Airport,42.3386,1.40917,ES,yes,LEU
small_airport,Levuka Airfield,-17.7110996246,178.759002686,FJ,yes,LEV
medium_airport,Blue Grass Airport,38.035066,-84.606738,US,yes,LEX
medium_airport,Lamerd Airport,27.3727,53.188801,IR,yes,LFM
medium_airport,Linfen Yaodu Airport,36.132629,111.641236,CN,yes,LFQ
medium_airport,Lafayette Regional Airport,30.205299,-91.987602,US,yes,LFT
large_airport,Lomé–Tokoin International Airport,6.16561,1.25451,TG,yes,LFW
large_airport,LaGuardia Airport,40.777199,-73.872597,US,yes,LGA
large_airport,Long Beach International Airport,33.816523,-118.149891,US,yes,LGB
medium_airport,Liège Airport,50.638574,5.443897,BE,yes,LGG
medium_airport,Deadman's Cay Airport,23.1790008545,-75.09359741210001,BS,yes,LGI
large_airport,Langkawi International Airport,6.32973,99.728699,MY,yes,LGK
small_airport,Long Lellang Airport,3.4210000038099997,115.153999329,MY,yes,LGL
large_airport,London Gatwick Airport,51.148744,-0.185739,GB,yes,LGW
small_airport,Shannan Longzi Airport,28.422422,92.348082,CN,yes,LGZ
large_airport,Allama Iqbal International Airport,31.521601,74.403603,PK,yes,LHE
medium_airport,Lightning Ridge Airport,-29.452857,147.977146,AU,yes,LHG
medium_airport,Lachin International Airport,39.883787,46.363137,AZ,yes,LHL
large_airport,London Heathrow Airport,51.470748,-0.459909,GB,yes,LHR
medium_airport,Las Heras Airport,-46.538517,-68.965323,AR,yes,LHS
large_airport,Lanzhou Zhongchuan International Airport,36.515202,103.620003,CN,yes,LHW
medium_airport,Lifou Airport,-20.774563,167.239328,NC,yes,LIF
medium_airport,Limoges Airport,45.862801,1.17944,FR,yes,LIG
large_airport,Lihue Airport,21.974393,-159.337146,US,yes,LIH
small_airport,Likiep Airport,9.82316,169.307999,MH,yes,LIK
large_airport,Lille Airport,50.566564,3.102429,FR,yes,LIL
large_airport,Jorge Chávez International Airport,-12.0219,-77.114305,PE,yes,LIM
large_airport,Milano Linate Airport,45.445099,9.27674,IT,yes,LIN
medium_airport,Limón International Airport,9.95796,-83.022003,CR,yes,LIO
large_airport,Daniel Oduber Quirós International Airport,10.5933,-85.544403,CR,yes,LIR
large_airport,Lisbon Humberto Delgado Airport,38.7813,-9.13592,PT,yes,LIS
medium_airport,Bill & Hillary Clinton National Airport/Adams Field,34.729222,-92.223591,US,yes,LIT
medium_airport,Loikaw Airport,19.691499710083008,97.21479797363281,MM,yes,LIW
large_airport,Lijiang Sanyi International Airport,26.677483,100.244944,CN,yes,LJG
large_airport,Ljubljana Jože Pučnik Airport,46.223701,14.4576,SI,yes,LJU
small_airport,Larantuka Gewayentana Airport,-8.274424,123.002,ID,yes,LKA
small_airport,Lakeba Island Airport,-18.1991996765,-178.817001343,FJ,yes,LKB
seaplane_base,Kenmore Air Harbor Seaplane Base,47.629002,-122.338997,US,yes,LKE
small_airport,Lasikin Airport,2.411328,96.327722,ID,yes,LKI
medium_airport,"Lakselv Airport, Banak",70.068802,24.973499,NO,yes,LKL
small_airport,Bolaang Mongondow Airport,0.88855,124.033634,ID,yes,LKM
medium_airport,Leknes Airport,68.152496337891,13.609399795532,NO,yes,LKN
large_airport,Chaudhary Charan Singh International Airport,26.760599,80.889297,IN,yes,LKO
large_airport,Luleå Airport,65.5438,22.122,SE,yes,LLA
small_airport,Libo Airport,25.4525,107.961667,CN,yes,LLB
medium_airport,Yongzhou Lingling Airport,26.338661,111.610043,CN,yes,LLF
small_airport,Lankaran International Airport,38.757919,48.807042,AZ,yes,LLK
small_airport,Bua - Palopo Lagaligo Airport,-3.08227,120.244823,ID,yes,LLO
heliport,Alluitsup Paa Heliport,60.46445,-45.56917,GL,yes,LLU
medium_airport,Lüliang Dawu Airport,37.683333,111.142778,CN,yes,LLV
large_airport,Kamuzu International Airport,-13.7894,33.780998,MW,yes,LLW
small_airport,Minchumina Airport,63.886002,-152.302002,US,yes,LMA
small_airport,La Macarena Airport,2.17565,-73.78674,CO,yes,LMC
medium_airport,Le Mans-Arnage Airport,47.948604,0.201702,FR,yes,LME
medium_airport,Valle del Fuerte International Airport,25.685503,-109.081159,MX,yes,LMM
medium_airport,Limbang Airport,4.808300018310547,115.01000213623047,MY,yes,LMN
medium_airport,Lampedusa Airport,35.497898,12.6181,IT,yes,LMP
small_airport,Lake Murray Airport,-7.00992012024,141.494003296,PG,yes,LMY
small_airport,Lamen Bay Airport,-16.584199905400002,168.158996582,VU,yes,LNB
small_airport,Lonorore Airport,-15.865599632299999,168.17199707,VU,yes,LNE
medium_airport,Lincang Boshang Airport,23.7381,100.025002,CN,yes,LNJ
medium_airport,Lincoln Airport,40.844882,-96.76178,US,yes,LNK
medium_airport,Longnan Chengzhou Airport,33.789918,105.790014,CN,yes,LNL
medium_airport,Leonora Airport,-28.87809944152832,121.31500244140625,AU,yes,LNO
medium_airport,Lancaster Airport,40.121700286865234,-76.29609680175781,US,yes,LNS
small_airport,Robert Atty Bessing,3.575256,116.619769,ID,yes,LNU
small_airport,Londolovit Airport,-3.04361009598,152.628997803,PG,yes,LNV
medium_airport,Lanai Airport,20.785675,-156.951324,US,yes,LNY
large_airport,Linz-Hörsching Airport,48.235362,14.188128,AT,yes,LNZ
small_airport,Longana Airport,-15.3066997528,167.966995239,VU,yes,LOD
medium_airport,Loei Airport,17.43910026550293,101.72200012207031,TH,yes,LOE
small_airport,Ciudad de Catamayo Airport,-3.995606,-79.371902,EC,yes,LOH
large_airport,Lombok International Airport,-8.759962,116.278169,ID,yes,LOP
large_airport,Murtala Muhammed International Airport,6.57737,3.32116,NG,yes,LOS
large_airport,Gran Canaria Airport,27.9319,-15.3866,ES,yes,LPA
large_airport,El Alto International Airport,-16.510272,-68.189416,BO,yes,LPB
small_airport,La Pedrera Airport,-1.324882,-69.581294,CO,yes,LPD
medium_airport,Liupanshui Yuezhao Airport,26.609417,104.979,CN,yes,LPF
large_airport,Linköping City Airport,58.404909,15.684499,SE,yes,LPI
medium_airport,Lipetsk Airport,52.70280075073242,39.53779983520508,RU,yes,LPK
large_airport,Liverpool John Lennon Airport,53.334863,-2.849637,GB,yes,LPL
small_airport,Lamap Airport,-16.4611228,167.829253,VU,yes,LPM
large_airport,Lappeenranta Airport,61.044601,28.144743,FI,yes,LPP
large_airport,Luang Phabang International Airport,19.904273,102.167191,LA,yes,LPQ
small_airport,Lopez Island Airport,48.4838981628418,-122.93800354003906,US,yes,LPS
medium_airport,Lampang Airport,18.27090072631836,99.50420379638672,TH,yes,LPT
small_airport,Long Apung Airport,1.706932,114.969934,ID,yes,LPU
small_airport,Le Puy-Loudes Airfield,45.0807,3.76289,FR,yes,LPY
small_airport,Caucaya Airport,-0.182278,-74.7708,CO,yes,LQM
medium_airport,Laredo International Airport,27.5438,-99.461601,US,yes,LRD
medium_airport,Longreach Airport,-23.4342,144.279999,AU,yes,LRE
medium_airport,La Rochelle Île de Ré Airport,46.179199,-1.19528,FR,yes,LRH
large_airport,Casa De Campo International Airport,18.452222,-68.911111,DO,yes,LRM
medium_airport,Lar Airport,27.6747,54.383301,IR,yes,LRR
small_airport,Leros Airport,37.184898,26.800301,GR,yes,LRS
medium_airport,Lorient South Brittany (Bretagne Sud) Airport,47.760601,-3.44,FR,yes,LRT
medium_airport,Las Cruces International Airport,32.289398,-106.921997,US,yes,LRU
small_airport,Los Roques Airport,11.946935,-66.668333,VE,yes,LRV
small_airport,Losuia Airport,-8.505820274353027,151.08099365234375,PG,yes,LSA
medium_airport,La Florida Airport,-29.916201,-71.199501,CL,yes,LSC
medium_airport,La Crosse Regional Airport,43.879002,-91.256699,US,yes,LSE
medium_airport,Lashio Airport,22.9778995513916,97.752197265625,MM,yes,LSH
medium_airport,Sumburgh Airport,59.878899,-1.29556,GB,yes,LSI
medium_airport,Josefa Camejo International Airport,11.780775,-70.151497,VE,yes,LSP
medium_airport,Alas Leuser Airport,3.391456,97.863726,ID,yes,LSR
medium_airport,Launceston Airport,-41.544935,147.210785,AU,yes,LST
small_airport,Malikus Saleh Airport,5.22668,96.950302,ID,yes,LSW
medium_airport,Lismore Airport,-28.830689,153.258419,AU,yes,LSY
medium_airport,Ghadames Airport,30.145484,9.702095,LY,yes,LTD
medium_airport,Altai Airport,46.376399993896484,96.22109985351562,MN,yes,LTI
medium_airport,Latakia International Airport,35.4011,35.9487,SY,yes,LTK
medium_airport,Lethem Airport,3.37276,-59.789398,GY,yes,LTM
large_airport,London Luton Airport,51.874699,-0.368333,GB,yes,LTN
large_airport,Loreto International Airport,25.989549,-111.348408,MX,yes,LTO
small_airport,La Môle Airport,43.205399,6.482,FR,yes,LTT
medium_airport,Murod Kond Airport,18.411501,76.464699,IN,yes,LTU
medium_airport,Cotopaxi International Airport,-0.906833,-78.615799,EC,yes,LTX
medium_airport,Tenzing-Hillary Airport,27.686768,86.729479,NP,yes,LUA
medium_airport,Luderitz Airport,-26.687400817871094,15.242899894714355,NA,yes,LUD
medium_airport,Lugano Airport,46.004299,8.91058,CH,yes,LUG
medium_airport,Cincinnati Municipal Airport Lunken Field,39.102357,-84.418945,US,yes,LUK
medium_airport,Dehong Mangshi International Airport,24.4011,98.5317,CN,yes,LUM
large_airport,Kenneth Kaunda International Airport,-15.330833,28.452722,ZM,yes,LUN
small_airport,Kalaupapa Airport,21.211,-156.973999,US,yes,LUP
medium_airport,Brigadier Mayor D Cesar Raul Ojeda Airport,-33.273201,-66.3564,AR,yes,LUQ
medium_airport,Cape Lisburne LRRS Airport,68.875099,-166.110001,US,yes,LUR
medium_airport,Karel Sadsuitubun Airport,-5.760278,132.759444,ID,yes,LUV
large_airport,Luxembourg-Findel International Airport,49.626845,6.212134,LU,yes,LUX
large_airport,Lublin Airport,51.240157,22.713461,PL,yes,LUZ
large_airport,Harry Mwanga Nkumbula International Airport,-17.821524,25.819642,ZM,yes,LVI
small_airport,Laverton Airport,-28.614267,122.428673,AU,yes,LVO
medium_airport,Greenbrier Valley Airport,37.857914,-80.400438,US,yes,LWB
small_airport,Lerwick / Tingwall Airport,60.1922,-1.24361,GB,yes,LWK
large_airport,Shirak International Airport,40.750401,43.859299,AM,yes,LWN
large_airport,Lviv International Airport,49.8125,23.9561,UA,yes,LWO
medium_airport,Lewiston Nez Perce County Airport,46.3745002746582,-117.01499938964844,US,yes,LWS
small_airport,Lawas Airport,4.84917,115.407997,MY,yes,LWY
large_airport,Lhasa Gonggar International Airport,29.298001,90.911951,CN,yes,LXA
small_airport,Luang Namtha Airport,20.966999,101.400002,LA,yes,LXG
large_airport,Luxor International Airport,25.671018,32.706446,EG,yes,LXR
small_airport,Limnos Airport,39.917098999,25.236299514799995,GR,yes,LXS
large_airport,Luoyang Beijiao Airport,34.7411,112.388,CN,yes,LYA
medium_airport,Lycksele Airport,64.548302,18.7162,SE,yes,LYC
large_airport,Lianyungang Huaguoshan International Airport,34.41406,119.17899,CN,yes,LYG
medium_airport,Lynchburg Regional Airport - Preston Glenn Field,37.326698,-79.200401,US,yes,LYH
medium_airport,Linyi Qiyang Airport,35.052918,118.411828,CN,yes,LYI
large_airport,Faisalabad International Airport,31.364923,72.995319,PK,yes,LYP
medium_airport,"Svalbard Airport, Longyear",78.246101,15.4656,NO,yes,LYR
large_airport,Lyon Saint-Exupéry Airport,45.725996,5.090139,FR,yes,LYS
medium_airport,Langzhong Gucheng Airport,31.50191,106.034417,CN,yes,LZG
medium_airport,Liuzhou Bailian Airport / Bailian Air Base,24.2075,109.390999,CN,yes,LZH
medium_airport,Matsu Nangan Airport,26.159656,119.958376,TW,yes,LZN
medium_airport,Luzhou Yunlong Airport,29.030357,105.468407,CN,yes,LZO
medium_airport,Nyingchi Mainling Airport,29.303301,94.335297,CN,yes,LZY
large_airport,Chennai International Airport,12.990005,80.169296,IN,yes,MAA
medium_airport,João Correa da Rocha Airport,-5.36859,-49.138,BR,yes,MAB
large_airport,Adolfo Suárez Madrid–Barajas Airport,40.493407,-3.572249,ES,yes,MAD
medium_airport,Midland International Air and Space Port,31.942499,-102.202003,US,yes,MAF
medium_airport,Madang Airport,-5.20707988739,145.789001465,PG,yes,MAG
large_airport,Menorca Airport,39.862598,4.21865,ES,yes,MAH
large_airport,Marshall Islands International Airport,7.06511,171.271656,MH,yes,MAJ
medium_airport,Malakal International Airport,9.558739,31.651937,SS,yes,MAK
medium_airport,General Servando Canales International Airport,25.7698993683,-97.5252990723,MX,yes,MAM
large_airport,Manchester Airport,53.349375,-2.279521,GB,yes,MAN
large_airport,Eduardo Gomes International Airport,-3.03861,-60.049702,BR,yes,MAO
medium_airport,Mae Sot Airport,16.699899673461914,98.54509735107422,TH,yes,MAQ
large_airport,La Chinita International Airport,10.557542,-71.729307,VE,yes,MAR
medium_airport,Momote Airport,-2.06189,147.423996,PG,yes,MAS
medium_airport,Maupiti Airport,-16.42650032043457,-152.24400329589844,PF,yes,MAU
medium_airport,Eugenio Maria De Hostos Airport,18.255699157714844,-67.14849853515625,PR,yes,MAZ
large_airport,Moi International Airport,-4.03483,39.5942,KE,yes,MBA
medium_airport,Mmabatho International Airport,-25.798400878900004,25.548000335699996,ZA,yes,MBD
medium_airport,Monbetsu Airport,44.303901672399995,143.404006958,JP,yes,MBE
medium_airport,Songwe Airport,-8.919942,33.273981,TZ,yes,MBI
large_airport,Sangster International Airport,18.50342,-77.91323,JM,yes,MBJ
small_airport,Manistee County Blacker Airport,44.272707,-86.246495,US,yes,MBL
medium_airport,MBS International Airport,43.533181,-84.083104,US,yes,MBS
medium_airport,Moises R. Espinosa Airport,12.369682,123.630095,PH,yes,MBT
medium_airport,Melbourne Moorabbin Airport,-37.977765,145.099799,AU,yes,MBW
medium_airport,Maribor Edvard Rusjan Airport,46.4799,15.6861,SI,yes,MBX
medium_airport,Merced Regional Macready Field,37.284698,-120.514,US,yes,MCE
medium_airport,McGrath Airport,62.95289993,-155.6060028,US,yes,MCG
large_airport,Kansas City International Airport,39.301699,-94.713893,US,yes,MCI
medium_airport,McCook Ben Nelson Regional Airport,40.207787,-100.592794,US,yes,MCK
heliport,Monaco Heliport,43.725798,7.419673,MC,yes,MCM
medium_airport,Middle Georgia Regional Airport,32.69279861450195,-83.64920043945312,US,yes,MCN
large_airport,Orlando International Airport,28.429399490356445,-81.30899810791016,US,yes,MCO
medium_airport,Macapá - Alberto Alcolumbre International Airport,0.050664,-51.072201,BR,yes,MCP
large_airport,Muscat International Airport,23.600218,58.285268,OM,yes,MCT
small_airport,McArthur River Mine Airport,-16.4424991608,136.083999634,AU,yes,MCV
medium_airport,Mason City Municipal Airport,43.159801,-93.329716,US,yes,MCW
large_airport,Makhachkala Uytash International Airport,42.816799,47.652302,RU,yes,MCX
large_airport,Sunshine Coast Airport,-26.593324,153.08319,AU,yes,MCY
large_airport,Zumbi dos Palmares International Airport,-9.512559,-35.791839,BR,yes,MCZ
large_airport,Sam Ratulangi International Airport,1.548591,124.92625,ID,yes,MDC
large_airport,Jose Maria Córdova International Airport,6.16454,-75.4231,CO,yes,MDE
medium_airport,Mudanjiang Hailang International Airport,44.525172,129.568634,CN,yes,MDG
medium_airport,Makurdi Airport,7.70388,8.61394,NG,yes,MDI
medium_airport,Mbandaka Airport,0.0226000007242,18.2887001038,CD,yes,MDK
large_airport,Mandalay International Airport,21.702199935913086,95.97789764404297,MM,yes,MDL
medium_airport,Ástor Piazzola International Airport,-37.9342,-57.5733,AR,yes,MDQ
medium_airport,Harrisburg International Airport,40.192838,-76.762333,US,yes,MDT
medium_airport,Mendi Airport,-6.14774,143.656998,PG,yes,MDU
large_airport,Chicago Midway International Airport,41.785999,-87.752403,US,yes,MDW
large_airport,Governor Francisco Gabrielli International Airport,-32.831699,-68.7929,AR,yes,MDZ
medium_airport,Melbourne Essendon Airport,-37.7281,144.901993,AU,yes,MEB
medium_airport,Eloy Alfaro International Airport,-0.9460780024528503,-80.67880249023438,EC,yes,MEC
large_airport,Prince Mohammad Bin Abdulaziz Airport,24.5534,39.705101,SA,yes,MED
medium_airport,Maré Airport,-21.482438,168.038465,NC,yes,MEE
medium_airport,Malanje Airport,-9.525090217590332,16.312400817871094,AO,yes,MEG
medium_airport,Mehamn Airport,71.029701,27.8267,NO,yes,MEH
medium_airport,Key Field / Meridian Regional Airport,32.3326,-88.7519,US,yes,MEI
large_airport,Melbourne Airport,-37.670732,144.837898,AU,yes,MEL
large_airport,Memphis International Airport,35.043845,-89.97634,US,yes,MEM
medium_airport,Cut Nyak Dhien Airport,4.040998,96.253312,ID,yes,MEQ
large_airport,Mexico City Benito Juárez International Airport,19.435822,-99.07033,MX,yes,MEX
small_airport,Mafia Airport,-7.917478,39.668502,TZ,yes,MFA
medium_airport,McAllen Miller International Airport,26.176141,-98.237965,US,yes,MFE
small_airport,Muzaffarabad Airport,34.338835,73.508886,PK,yes,MFG
small_airport,Moala Airport,-18.566699981699998,179.951004028,FJ,yes,MFJ
medium_airport,Matsu Beigan Airport,26.22414,120.002679,TW,yes,MFK
large_airport,Macau International Airport,22.149599,113.592003,MO,yes,MFM
medium_airport,Rogue Valley International-Medford Airport,42.374199,-122.873001,US,yes,MFR
large_airport,Mfuwe International Airport,-13.2589,31.9366,ZM,yes,MFU
large_airport,Augusto C. Sandino (Managua) International Airport,12.1415,-86.168198,NI,yes,MGA
medium_airport,Mount Gambier Airport,-37.744382,140.780561,AU,yes,MGB
medium_airport,Michigan City Municipal Airport,41.7033,-86.821198,US,yes,MGC
medium_airport,Regional de Maringá - Sílvio Name Júnior Airport,-23.47606,-52.016187,BR,yes,MGF
medium_airport,Margate Airport,-30.8574008942,30.343000412,ZA,yes,MGH
medium_airport,Montgomery Regional (Dannelly Field) Airport,32.300598,-86.393997,US,yes,MGM
large_airport,Aden Adde International Airport,2.01444,45.304699,SO,yes,MGQ
small_airport,Milingimbi Airport,-12.0944004059,134.893997192,AU,yes,MGT
medium_airport,Morgantown Municipal Airport Walter L. (Bill) Hart Field,39.643305,-79.917598,US,yes,MGW
medium_airport,Myeik Airport,12.439800262451172,98.62149810791016,MM,yes,MGZ
small_airport,Mocopulli Airport,-42.340388,-73.715693,CL,yes,MHC
large_airport,Mashhad International Airport,36.234821,59.642949,IR,yes,MHD
medium_airport,Mannheim-City Airport,49.473057,8.514167,DE,yes,MHG
medium_airport,Leonard M. Thompson International Airport,26.510711,-77.084262,BS,yes,MHH
medium_airport,Manhattan Regional Airport,39.14099884033203,-96.6707992553711,US,yes,MHK
small_airport,Manaoba Airport,-8.325008,160.80051,SB,yes,MHM
large_airport,Mariehamn Airport,60.1222,19.898199,FI,yes,MHQ
medium_airport,Manchester-Boston Regional Airport,42.932598,-71.435699,US,yes,MHT
medium_airport,Mount Hotham Airport,-37.0475006104,147.333999634,AU,yes,MHU
small_airport,Manihiki Island Airport,-10.38091,-160.999424,CK,yes,MHX
large_airport,Miami International Airport,25.796011,-80.289751,US,yes,MIA
large_airport,Manuel Crescencio Rejón International Airport,20.930485,-89.645462,MX,yes,MID
medium_airport,Mianyang Nanjiao Airport,31.428101,104.740997,CN,yes,MIG
medium_airport,Frank Miloye Milenkowichi–Marília State Airport,-22.196899,-49.926485,BR,yes,MII
small_airport,Mili Island Airport,6.084754,171.731419,MH,yes,MIJ
medium_airport,Merimbula Airport,-36.9085998535,149.901000977,AU,yes,MIM
medium_airport,Monastir Habib Bourguiba International Airport,35.75809860229492,10.75469970703125,TN,yes,MIR
small_airport,Misima Island Airport,-10.689200401299999,152.837997437,PG,yes,MIS
large_airport,Maiduguri International Airport,11.854163,13.080702,NG,yes,MIU
small_airport,Majkin Airport,8.163362,168.173862,MH,yes,MJE
medium_airport,"Mosjøen Airport, Kjærstad",65.783997,13.2149,NO,yes,MJF
large_airport,Mitiga International Airport,32.89177,13.287878,LY,yes,MJI
medium_airport,Shark Bay Airport,-25.897294,113.575802,AU,yes,MJK
medium_airport,Mbuji Mayi Airport,-6.121240139010001,23.569000244099996,CD,yes,MJM
large_airport,Amborovy Airport,-15.666842,46.351233,MG,yes,MJN
medium_airport,Mytilene International Airport,39.057406,26.598629,GR,yes,MJT
small_airport,Motygino Airport,58.180921,94.745272,RU,yes,MJY
medium_airport,Mirny Airport,62.534698486328125,114.03900146484375,RU,yes,MJZ
large_airport,General Mitchell International Airport,42.947201,-87.896599,US,yes,MKE
medium_airport,Muskegon County Airport,43.169498,-86.238197,US,yes,MKG
medium_airport,Molokai Airport,21.152901,-157.095993,US,yes,MKK
medium_airport,McKellar-Sipes Regional Airport,35.599899,-88.915604,US,yes,MKL
medium_airport,Mukah Airport,2.881944,112.043333,MY,yes,MKM
medium_airport,Makemo Airport,-16.5839,-143.658005,PF,yes,MKP
medium_airport,Mopah International Airport,-8.523898,140.419693,ID,yes,MKQ
medium_airport,Meekatharra Airport,-26.6117000579834,118.5479965209961,AU,yes,MKR
medium_airport,Makokou Airport,0.5792109966278076,12.890899658203125,GA,yes,MKU
medium_airport,Rendani Airport,-0.891833,134.048996,ID,yes,MKW
medium_airport,Mackay Airport,-21.170816,149.182588,AU,yes,MKY
medium_airport,Malacca International Airport,2.265613,102.252778,MY,yes,MKZ
large_airport,Malta International Airport,35.845932,14.491546,MT,yes,MLA
medium_airport,Melbourne Orlando International Airport,28.102009,-80.641088,US,yes,MLB
large_airport,Velana International Airport,4.19183,73.529099,MV,yes,MLE
medium_airport,Abdul Rachman Saleh Airport,-7.929099,112.714233,ID,yes,MLG
medium_airport,Quad City International Airport,41.448502,-90.5075,US,yes,MLI
small_airport,Marshall Don Hunter Sr Airport,61.8643,-162.026001,US,yes,MLL
large_airport,General Francisco J. Mujica International Airport,19.849899,-101.025002,MX,yes,MLM
medium_airport,Melilla Airport,35.2798,-2.95626,ES,yes,MLN
small_airport,Milos Airport,36.696899,24.4769,GR,yes,MLO
medium_airport,Monroe Regional Airport,32.510899,-92.037697,US,yes,MLU
medium_airport,Spriggs Payne Airport,6.28906,-10.7587,LR,yes,MLW
medium_airport,Malatya Erhaç Airport,38.435298919699996,38.0909996033,TR,yes,MLX
small_airport,Manley Hot Springs Airport,64.99188,-150.644102,US,yes,MLY
medium_airport,Memanbetsu Airport,43.8805999756,144.164001465,JP,yes,MMB
medium_airport,Minamidaito Airport,25.8465,131.263,JP,yes,MMD
medium_airport,Teesside International Airport,54.509201,-1.42941,GB,yes,MME
medium_airport,Mount Magnet Airport,-28.116100311279297,117.84200286865234,AU,yes,MMG
medium_airport,Mammoth Yosemite Airport,37.625381,-118.84306,US,yes,MMH
medium_airport,Shinshu-Matsumoto Airport,36.166801,137.923004,JP,yes,MMJ
large_airport,Emperor Nicholas II Murmansk Airport,68.7817,32.750801,RU,yes,MMK
medium_airport,Maio Airport,15.155900001525879,-23.213699340820312,CV,yes,MMO
large_airport,Malmö Sturup Airport,55.535564,13.376327,SE,yes,MMX
medium_airport,Miyako Airport,24.782801,125.294998,JP,yes,MMY
medium_airport,Maymana Zahiraddin Faryabi Airport,35.930801,64.760902,AF,yes,MMZ
medium_airport,Nacala International Airport,-14.4882,40.7122,MZ,yes,MNC
small_airport,Mana Island Airport,-17.672844,177.0985,FJ,yes,MNF
medium_airport,Maningrida Airport,-12.0560998917,134.23399353,AU,yes,MNG
large_airport,John A. Osborne Airport,16.791835,-62.193204,MS,yes,MNI
medium_airport,Mananjary Airport,-21.201799,48.358299,MG,yes,MNJ
large_airport,Ninoy Aquino International Airport,14.5086,121.019997,PH,yes,MNL
small_airport,Minto Al Wright Airport,65.147991,-149.368658,US,yes,MNT
small_airport,Mawlamyine Airport,16.444700241088867,97.66069793701172,MM,yes,MNU
medium_airport,Manicoré Airport,-5.81138,-61.278301,BR,yes,MNX
small_airport,Mono Airport,-7.41694,155.565002,SB,yes,MNY
medium_airport,Mobile Regional Airport,30.6912,-88.242798,US,yes,MOB
medium_airport,Mário Ribeiro Airport,-16.706919,-43.818901,BR,yes,MOC
small_airport,Frans Xavier Seda Airport,-8.639514,122.238135,ID,yes,MOF
medium_airport,Mong Hsat Airport,20.516799926757812,99.25679779052734,MM,yes,MOG
small_airport,Maleo Airport,-2.201143,121.662884,ID,yes,MOH
small_airport,Mitiaro Island Airport,-19.842501,-157.703003,CK,yes,MOI
small_airport,Moengo Airstrip,5.6076,-54.4003,SR,yes,MOJ
medium_airport,"Molde Airport, Årø",62.744701,7.2625,NO,yes,MOL
medium_airport,Morondava Airport,-20.2847,44.3176,MG,yes,MOQ
medium_airport,Minot International Airport,48.25801,-101.279123,US,yes,MOT
small_airport,Mountain Village Airport,62.095401763916016,-163.6820068359375,US,yes,MOU
medium_airport,Moranbah Airport,-22.057800293,148.07699585,AU,yes,MOV
medium_airport,Moorea Temae Airport,-17.48979,-149.761777,PF,yes,MOZ
medium_airport,Katima Mulilo Airport,-17.634258,24.176688,NA,yes,MPA
small_airport,Muko Muko Airport,-2.541058,101.087651,ID,yes,MPC
medium_airport,Godofredo P. Ramos Airport,11.9245,121.954002,PH,yes,MPH
large_airport,Montpellier-Méditerranée Airport,43.576199,3.96301,FR,yes,MPL
large_airport,Maputo Airport,-25.920799,32.572601,MZ,yes,MPM
large_airport,Mount Pleasant Airport / RAF Mount Pleasant,-51.822642,-58.445777,FK,yes,MPN
medium_airport,Mariupol International Airport,47.07609939575195,37.44960021972656,UA,yes,MPW
medium_airport,Maripasoula Airport,3.655907,-54.039431,GF,yes,MPY
small_airport,Miquelon Airport,47.095501,-56.380299,PM,yes,MQC
large_airport,Magnitogorsk International Airport,53.391991,58.755235,RU,yes,MQF
medium_airport,Moma Airport,66.450861,143.261551,RU,yes,MQJ
medium_airport,Mildura Airport,-34.229198455799995,142.085998535,AU,yes,MQL
medium_airport,Mardin Airport,37.223300933800004,40.6316986084,TR,yes,MQM
medium_airport,"Mo i Rana Airport, Røssvoll",66.363899230957,14.301400184631,NO,yes,MQN
large_airport,Kruger Mpumalanga International Airport,-25.383327,31.105325,ZA,yes,MQP
medium_airport,Mustique Airport,12.8879,-61.180199,VC,yes,MQS
medium_airport,Marquette/Sawyer International Airport,46.351498,-87.395884,US,yes,MQT
medium_airport,Mekele Alula Aba Nega Airport,13.4674,39.533501,ET,yes,MQX
small_airport,Misrata International Airport,32.325001,15.061,LY,yes,MRA
medium_airport,Mara Serena Lodge Airstrip,-1.404588,35.008349,KE,yes,MRE
medium_airport,Merrill Field,61.212792,-149.843988,US,yes,MRI
large_airport,Marseille Provence Airport,43.438088,5.2125,FR,yes,MRS
large_airport,Sir Seewoosagur Ramgoolam International Airport,-20.430201,57.683601,MU,yes,MRU
large_airport,Mineralnye Vody Airport,44.225101,43.081902,RU,yes,MRV
medium_airport,Mahshahr Airport,30.5562,49.151901,IR,yes,MRX
medium_airport,Monterey Regional Airport,36.586777,-121.844183,US,yes,MRY
medium_airport,Moree Airport,-29.498899459799997,149.845001221,AU,yes,MRZ
small_airport,Muskrat Dam Airport,53.441399,-91.762802,CA,yes,MSA
medium_airport,Misawa Airport / Misawa Air Base,40.703201,141.367996,JP,yes,MSJ
medium_airport,Northwest Alabama Regional Airport,34.745123,-87.612981,US,yes,MSL
medium_airport,Dane County Regional Truax Field,43.1399,-89.337502,US,yes,MSN
medium_airport,Missoula Montana Airport,46.915816,-114.091107,US,yes,MSO
large_airport,Minneapolis–Saint Paul International Airport / Wold–Chamberlain Field,44.880081,-93.221741,US,yes,MSP
large_airport,Minsk National Airport,53.888071,28.039964,BY,yes,MSQ
medium_airport,Muş Airport,38.747798919677734,41.66120147705078,TR,yes,MSR
medium_airport,Massena International Airport Richards Field,44.936157,-74.844304,US,yes,MSS
large_airport,Maastricht Aachen Airport,50.911087,5.769401,NL,yes,MST
large_airport,Moshoeshoe I International Airport,-29.456277,27.554456,LS,yes,MSU
large_airport,Louis Armstrong New Orleans International Airport,29.993401,-90.264673,US,yes,MSY
medium_airport,Welwitschia Mirabilis International Airport,-15.2612,12.1468,AO,yes,MSZ
small_airport,Mizan Teferi Airport,6.9571,35.5547,ET,yes,MTF
medium_airport,Montrose Regional Airport,38.5098,-107.893997,US,yes,MTJ
seaplane_base,Metlakatla Seaplane Base,55.131001,-131.578003,US,yes,MTM
small_airport,Montauk Airport,41.0765,-71.920797,US,yes,MTP
medium_airport,Los Garzones Airport,8.82374,-75.8258,CO,yes,MTR
medium_airport,Minatitlán/Coatzacoalcos International Airport,18.103399,-94.580704,MX,yes,MTT
large_airport,Monterrey International Airport,25.778521,-100.106989,MX,yes,MTY
medium_airport,Munda Airport,-8.32797,157.263,SB,yes,MUA
large_airport,Maun International Airport,-19.970491,23.431409,BW,yes,MUB
large_airport,Munich Airport,48.353802,11.7861,DE,yes,MUC
medium_airport,Waimea Kohala Airport,20.001301,-155.667999,US,yes,MUE
large_airport,Mersa Matruh International Airport,31.324313,27.22227,EG,yes,MUH
small_airport,Mauke Airport,-20.13610076904297,-157.34500122070312,CK,yes,MUK
medium_airport,José Tadeo Monagas International Airport,9.749023,-63.153348,VE,yes,MUN
medium_airport,Marudi Airport,4.178734,114.330318,MY,yes,MUR
small_airport,Barra Grande Airport,-13.906082,-38.940804,BR,yes,MUU
large_airport,Multan International Airport,30.203199,71.419098,PK,yes,MUX
small_airport,Musoma Airport,-1.503,33.8021,TZ,yes,MUZ
large_airport,M'Vengue El Hadj Omar Bongo Ondimba International Airport,-1.65616,13.438,GA,yes,MVB
large_airport,Carrasco General Cesáreo L. Berisso International Airport,-34.835647,-56.026497,UY,yes,MVD
medium_airport,Dix-Sept Rosado Airport,-5.20192,-37.3643,BR,yes,MVF
medium_airport,Fabio Alberto Leon Bentley Airport,1.25366,-70.2339,CO,yes,MVP
medium_airport,Mogilev Airport,53.954898834228516,30.09510040283203,BY,yes,MVQ
medium_airport,Salak Airport,10.451399803161621,14.257399559020996,CM,yes,MVR
medium_airport,Mataiva Airport,-14.8681001663208,-148.7169952392578,PF,yes,MVT
small_airport,Martha's Vineyard Airport,41.3931007385,-70.6143035889,US,yes,MVY
medium_airport,Veterans Airport of Southern Illinois,37.751208,-89.016568,US,yes,MWA
medium_airport,Mineral Wells Regional Airport,32.781601,-98.060204,US,yes,MWL
small_airport,Magway Airport,20.1656,94.941399,MM,yes,MWQ
large_airport,Muan International Airport,34.991406,126.382814,KR,yes,MWX
large_airport,Mwanza International Airport,-2.446563,32.936049,TZ,yes,MWZ
small_airport,Moro Airport,-6.36332988739,143.238006592,PG,yes,MXH
medium_airport,General Rodolfo Sánchez Taboada International Airport,32.630629,-115.242805,MX,yes,MXL
large_airport,Milan Malpensa International Airport,45.6306,8.72811,IT,yes,MXP
medium_airport,Mörön Airport,49.663677,100.100028,MN,yes,MXV
small_airport,Mandalgobi Airport,45.7380981445,106.268997192,MN,yes,MXW
medium_airport,Mora Airport,60.957901,14.5114,SE,yes,MXX
small_airport,Meizhou Meixian Changgangji International Airport,24.263425,116.097857,CN,yes,MXZ
medium_airport,Moruya Airport,-35.8978004456,150.143997192,AU,yes,MYA
medium_airport,Malindi International Airport,-3.22931,40.1017,KE,yes,MYD
medium_airport,Miyakejima Airport,34.073600769,139.559997559,JP,yes,MYE
medium_airport,Mayaguana Airport,22.379499,-73.013494,BS,yes,MYG
small_airport,Murray Island Airport,-9.915105,144.054644,AU,yes,MYI
large_airport,Matsuyama Airport,33.826893,132.700114,JP,yes,MYJ
small_airport,May Creek Airport,61.335701,-142.686996,US,yes,MYK
medium_airport,McCall Municipal Airport,44.888837,-116.101112,US,yes,MYL
medium_airport,Mary International Airport,37.62353,61.895668,TM,yes,MYP
medium_airport,Mysore Airport,12.229751,76.653683,IN,yes,MYQ
large_airport,Myrtle Beach International Airport,33.679699,-78.928299,US,yes,MYR
medium_airport,Myitkyina Airport,25.3836,97.351898,MM,yes,MYT
medium_airport,Mekoryuk Airport,60.372338,-166.269751,US,yes,MYU
medium_airport,Mtwara Airport,-10.336204,40.181997,TZ,yes,MYW
medium_airport,Miri Airport,4.32201,113.987,MY,yes,MYY
large_airport,Penghu Magong Airport,23.568701,119.627998,TW,yes,MZG
small_airport,Amasya Merzifon Airport,40.829399,35.521999,TR,yes,MZH
medium_airport,Mopti Airport,14.5128,-4.07956,ML,yes,MZI
medium_airport,La Nubia Airport,5.0296,-75.4647,CO,yes,MZL
medium_airport,Sierra Maestra International Airport,20.288605,-77.087545,CU,yes,MZO
medium_airport,Mkuze Airport,-27.626101,32.0443,ZA,yes,MZQ
large_airport,Mazar-i-Sharif International Airport,36.70412,67.210459,AF,yes,MZR
medium_airport,Moradabad Airport,28.81746,78.92187,IN,yes,MZS
large_airport,General Rafael Buelna International Airport,23.162823,-106.264517,MX,yes,MZT
medium_airport,Mulu Airport,4.048329830169678,114.80500030517578,MY,yes,MZV
medium_airport,Narrabri Airport,-30.3192005157,149.82699585,AU,yes,NAA
large_airport,Dr. Babasaheb Ambedkar International Airport,21.092199,79.047203,IN,yes,NAG
medium_airport,Naha Airport,3.68478,125.527162,ID,yes,NAH
large_airport,Nakhchivan International Airport,39.188801,45.458401,AZ,yes,NAJ
medium_airport,Nalchik Airport,43.512901,43.6366,RU,yes,NAL
medium_airport,Namniwel Airport,-3.143159,126.976469,ID,yes,NAM
large_airport,Nadi International Airport,-17.761822,177.437843,FJ,yes,NAN
small_airport,Nanchong Gaoping Airport,30.798104,106.16415,CN,yes,NAO
large_airport,Naples International Airport,40.886002,14.2908,IT,yes,NAP
medium_airport,Qaanaaq Airport,77.488602,-69.388702,GL,yes,NAQ
large_airport,Lynden Pindling International Airport,25.039,-77.466202,BS,yes,NAS
large_airport,Rio Grande do Norte/São Gonçalo do Amarante–Governador Aluízio Alves International Airport,-5.769822,-35.36661,BR,yes,NAT
small_airport,Napuka Island Airport,-14.177397,-141.266112,PF,yes,NAU
large_airport,Nevşehir Kapadokya Airport,38.7719,34.5345,TR,yes,NAV
medium_airport,Narathiwat Airport,6.5199198722839355,101.74299621582031,TH,yes,NAW
medium_airport,Begishevo Airport,55.564701,52.092499,RU,yes,NBC
medium_airport,Enfidha - Hammamet International Airport,36.075833,10.438611,TN,yes,NBE
large_airport,Dr. Antonio Agostinho Neto International Airport,-9.050734,13.499078,AO,yes,NBJ
small_airport,Annobón Airport,-1.408615,5.624163,GQ,yes,NBN
large_airport,Jomo Kenyatta International Airport,-1.318886,36.928233,KE,yes,NBO
medium_airport,Changbaishan Airport,42.066944,127.602222,CN,yes,NBS
medium_airport,North Caicos Airport,21.916094,-71.942954,TC,yes,NCA
large_airport,Nice-Côte d'Azur Airport,43.658401,7.21587,FR,yes,NCE
large_airport,Newcastle International Airport,55.037958,-1.689577,GB,yes,NCL
small_airport,Chenega Bay Airport,60.077602,-147.99468,US,yes,NCN
large_airport,Nukus International Airport,42.4884,59.623299,UZ,yes,NCU
medium_airport,Annecy Meythet airport,45.928947,6.0987,FR,yes,NCY
large_airport,Nouadhibou International Airport,20.932404,-17.030199,MR,yes,NDB
medium_airport,Nanded Airport,19.1833,77.316704,IN,yes,NDC
large_airport,Qiqihar Sanjiazi Airport,47.229969,123.914179,CN,yes,NDG
large_airport,N'Djamena International Airport,12.1337,15.034,TD,yes,NDJ
large_airport,Nador Al Aaroui International Airport,34.9888,-3.02821,MA,yes,NDR
medium_airport,Rundu Airport,-17.956499,19.7194,NA,yes,NDU
small_airport,Sanday Airport,59.250301,-2.57667,GB,yes,NDY
medium_airport,Necochea Airport,-38.490746,-58.816337,AR,yes,NEC
medium_airport,Chulman Airport,56.913898468018,124.91400146484,RU,yes,NER
medium_airport,Vance W. Amory International Airport,17.2057,-62.589901,KN,yes,NEV
medium_airport,Nefteyugansk Airport,61.108299,72.650002,RU,yes,NFG
large_airport,Ningbo Lishe International Airport,29.82670021057129,121.46199798583984,CN,yes,NGB
medium_airport,N'Gaoundéré Airport,7.3570098876953125,13.559200286865234,CM,yes,NGE
small_airport,Ngau Airport,-18.115600585899998,179.339996338,FJ,yes,NGI
small_airport,Nogliki Airport,51.783955,143.141785,RU,yes,NGK
large_airport,Chubu Centrair International Airport,34.858398,136.804993,JP,yes,NGO
medium_airport,Ngari Gunsa Airport,32.09794,80.053971,CN,yes,NGQ
large_airport,Nagasaki Airport,32.916901,129.914001,JP,yes,NGS
medium_airport,Nuku Hiva Airport,-8.7956,-140.229004,PF,yes,NHV
small_airport,Nikolai Airport,63.017949,-154.360399,US,yes,NIB
large_airport,Diori Hamani International Airport,13.4815,2.18361,NE,yes,NIM
heliport,Niaqornat Heliport,70.789385,-53.662945,GL,yes,NIQ
small_airport,Naiu Airport,-16.119296,-146.368768,PF,yes,NIU
large_airport,Nizhnevartovsk Airport,60.949299,76.483597,RU,yes,NJC
large_airport,Al Najaf International Airport,31.991116,44.405019,IQ,yes,NJF
large_airport,Nouakchott–Oumtounsy International Airport,18.31,-15.969722,MR,yes,NKC
large_airport,Nanjing Lukou International Airport,31.735032,118.865949,CN,yes,NKG
seaplane_base,Naukati Bay Seaplane Base,55.849602,-133.227994,US,yes,NKI
medium_airport,Nagoya Airport / JASDF Komaki Air Base,35.255759,136.924095,JP,yes,NKM
medium_airport,Şırnak Şerafettin Elçi Airport,37.3647,42.0582,TR,yes,NKT
large_airport,Simon Mwansa Kapwepwe International Airport,-12.96513,28.515624,ZM,yes,NLA
medium_airport,Quetzalcóatl International Airport,27.443899,-99.570503,MX,yes,NLD
small_airport,Darnley Island Airport,-9.579176,143.780276,AU,yes,NLF
small_airport,Nelson Lagoon Airport,56.0075,-161.160004,US,yes,NLG
medium_airport,Ninglang Luguhu Airport,27.5403,100.7593,CN,yes,NLH
medium_airport,Nikolayevsk-na-Amure Airport,53.154999,140.649994,RU,yes,NLI
medium_airport,Norfolk Island International Airport,-29.041759,167.939474,NF,yes,NLK
medium_airport,Xinyuan Nalati Airport,43.4318,83.3786,CN,yes,NLT
large_airport,Felipe Ángeles International Airport,19.743824,-99.01507,MX,yes,NLU
large_airport,Namangan International Airport,40.984622,71.5578,UZ,yes,NMA
small_airport,Nightmute Airport,60.469129,-164.70407,US,yes,NME
large_airport,Maafaru International Airport,5.817407,73.468404,MV,yes,NMF
large_airport,Navi Mumbai International Airport,18.984597,73.065253,IN,yes,NMI
small_airport,Santa Ana Airport,-10.847994,162.454108,SB,yes,NNB
large_airport,Nanning Wuxu International Airport,22.598071,108.181922,CN,yes,NNG
medium_airport,Naryan Mar Airport,67.639999,53.121899,RU,yes,NNM
small_airport,Connemara Regional Airport,53.23030090332031,-9.467780113220215,IE,yes,NNR
medium_airport,Nan Airport,18.807899475097656,100.78299713134766,TH,yes,NNT
small_airport,Nanyang Jiangying Airport,32.982696,112.617467,CN,yes,NNY
medium_airport,Nosara Airport,9.976490020750001,-85.65299987790002,CR,yes,NOB
large_airport,Ireland West Airport Knock,53.910439,-8.817002,IE,yes,NOC
small_airport,Norden-Norddeich Airport,53.633057,7.190278,DE,yes,NOD
medium_airport,Noyabrsk Airport,63.18330001831055,75.2699966430664,RU,yes,NOJ
medium_airport,Sinop Airport,42.018313,35.071774,TR,yes,NOP
large_airport,Nosy Be International Airport,-13.3121,48.3148,MG,yes,NOS
large_airport,La Tontouta International Airport,-22.014601,166.212997,NC,yes,NOU
medium_airport,Albano Machado Airport,-12.8089,15.7605,AO,yes,NOV
medium_airport,Spichenkovo Airport,53.811401,86.877197,RU,yes,NOZ
medium_airport,Hawke's Bay Airport,-39.465801,176.869995,NZ,yes,NPE
medium_airport,New Plymouth Airport,-39.00859832763672,174.1790008544922,NZ,yes,NPL
medium_airport,Nanga Pinoh Airport,-0.34864,111.746155,ID,yes,NPO
medium_airport,Newport State Airport,41.532207,-71.281039,US,yes,NPT
large_airport,Presidente Perón International Airport,-38.949001,-68.155701,AR,yes,NQN
small_airport,Reyes Murillo Airport,5.710348,-77.261868,CO,yes,NQU
medium_airport,Cornwall Airport Newquay,50.440601,-4.99541,GB,yes,NQY
large_airport,Nursultan Nazarbayev International Airport,51.027035,71.467094,KZ,yes,NQZ
medium_airport,Narrandera Airport,-34.7022018433,146.511993408,AU,yes,NRA
small_airport,Norderney Airport,53.706944,7.23,DE,yes,NRD
medium_airport,Norrköping Airport,58.586299896240234,16.250600814819336,SE,yes,NRK
small_airport,North Ronaldsay Airport,59.3675003052,-2.43443989754,GB,yes,NRL
large_airport,Weeze (Niederrhein) Airport,51.601362,6.141228,DE,yes,NRN
medium_airport,José Aponte de la Torre Airport,18.247262,-65.63979,PR,yes,NRR
large_airport,Narita International Airport,35.76858,140.388714,JP,yes,NRT
seaplane_base,Bimini North Seaplane Base,25.767,-79.25,BS,yes,NSB
medium_airport,Nowshahr Airport,36.664286,51.46273,IR,yes,NSH
large_airport,Yaoundé Nsimalen International Airport,3.72256,11.5533,CM,yes,NSI
large_airport,Alykel International Airport,69.307951,87.325906,RU,yes,NSK
medium_airport,Nelson Airport,-41.298302,173.220993,NZ,yes,NSN
medium_airport,Nakhon Si Thammarat Airport,8.539620399475098,99.9447021484375,TH,yes,NST
medium_airport,Nantes Atlantique Airport,47.153198,-1.61073,FR,yes,NTE
medium_airport,Nantong Xingdong International Airport,32.073566,120.980076,CN,yes,NTG
large_airport,Newcastle Airport,-32.796114,151.835025,AU,yes,NTL
medium_airport,Normanton Airport,-17.68409,141.069664,AU,yes,NTN
medium_airport,Noto Satoyama Airport,37.293098,136.962006,JP,yes,NTQ
small_airport,Kuini Lavenia Airport,-15.977297,-173.791089,TO,yes,NTT
medium_airport,Ranai Airport,3.90871,108.388,ID,yes,NTX
large_airport,Nuremberg Airport,49.498699,11.078056,DE,yes,NUE
medium_airport,Nuiqsut Airport,70.209999,-151.005998,US,yes,NUI
small_airport,Nulato Airport,64.729301,-158.074005,US,yes,NUL
large_airport,Neom Bay Airport,27.924261,35.29358,SA,yes,NUM
small_airport,Nunapitchuk Airport,60.905591,-162.440454,US,yes,NUP
small_airport,Norsup Airport,-16.0797,167.401001,VU,yes,NUS
medium_airport,Novy Urengoy Airport,66.06939697265625,76.52030181884766,RU,yes,NUX
medium_airport,Benito Salas Airport,2.95015,-75.294,CO,yes,NVA
medium_airport,Navoi International Airport,40.117599,65.172658,UZ,yes,NVI
large_airport,Ministro Victor Konder International Airport,-26.879431,-48.650979,BR,yes,NVT
medium_airport,Norwich Airport,52.6758,1.28278,GB,yes,NWI
medium_airport,Nyagan Airport,62.110001,65.614998,RU,yes,NYA
medium_airport,Sunyani Airport,7.36183,-2.32876,GH,yes,NYI
medium_airport,Nanyuki Civil Airport,-0.062352,37.041296,KE,yes,NYK
medium_airport,Nadym Airport,65.48090362548828,72.69889831542969,RU,yes,NYM
large_airport,Stockholm Skavsta Airport,58.789656,16.911479,SE,yes,NYO
seaplane_base,New York Skyports Inc Seaplane Base,40.735061,-73.972814,US,yes,NYS
large_airport,Nay Pyi Taw International Airport,19.623501,96.200996,MM,yes,NYT
small_airport,Bagan Airport,21.178800582885742,94.9301986694336,MM,yes,NYU
medium_airport,Maria Reiche Neuman Airport,-14.854,-74.961502,PE,yes,NZC
small_airport,Nizhneangarsk International Airport,55.8008,109.595001,RU,yes,NZG
medium_airport,Manzhouli Xijiao Airport,49.566667,117.33,CN,yes,NZH
medium_airport,Zhalantun Genghis Khan Airport,47.865942,122.768662,CN,yes,NZL
medium_airport,Albert J Ellis Airport,34.829201,-77.612099,US,yes,OAJ
large_airport,San Francisco Bay Oakland International Airport,37.720085,-122.221184,US,yes,OAK
small_airport,Cacoal Airport,-11.496,-61.4508,BR,yes,OAL
large_airport,Xoxocotlán International Airport,16.998773,-96.726092,MX,yes,OAX
small_airport,Oban Airport,56.463501,-5.39967,GB,yes,OBN
medium_airport,Tokachi-Obihiro Airport,42.7332992554,143.216995239,JP,yes,OBO
small_airport,Kobuk Airport,66.9123,-156.897003,US,yes,OBU
small_airport,Obo Airport,-7.590622421369999,141.324262619,PG,yes,OBX
heliport,Ittoqqortoormiit Heliport,70.488229,-21.97168,GL,yes,OBY
medium_airport,Francisco De Orellana Airport,-0.462886,-76.986801,EC,yes,OCC
medium_airport,Ocean City Municipal Airport,38.310398,-75.124001,US,yes,OCE
medium_airport,Ian Fleming International Airport,18.404079,-76.969754,JM,yes,OCJ
large_airport,Corisco International Airport,0.910937,9.33027,GQ,yes,OCS
large_airport,Odense Hans Christian Andersen Airport,55.475307,10.327206,DK,yes,ODE
small_airport,Long Seridan Airport,3.976087,115.067303,MY,yes,ODN
small_airport,Bodaybo Airport,57.866100311299995,114.242996216,RU,yes,ODO
small_airport,Oudomsay Airport,20.68269920349121,101.99400329589844,LA,yes,ODY
large_airport,Oecusse Route of the Sandalwood International Airport,-9.198419,124.337873,TL,yes,OEC
medium_airport,Örnsköldsvik Airport,63.40829849243164,18.989999771118164,SE,yes,OER
small_airport,Antoine de Saint Exupéry Airport,-40.7512,-65.0343,AR,yes,OES
small_airport,Ofu Airport,-14.1844,-169.669998,AS,yes,OFU
medium_airport,Ogden Hinckley Airport,41.195899963379,-112.0120010376,US,yes,OGD
large_airport,Kahului International Airport,20.896263,-156.431837,US,yes,OGG
medium_airport,Eugene F. Correia International Airport,6.805881,-58.107657,GY,yes,OGL
medium_airport,Yonaguni Airport,24.467298,122.979827,JP,yes,OGN
medium_airport,Ogdensburg International Airport,44.6819,-75.4655,US,yes,OGS
medium_airport,Ordu–Giresun Airport,40.966872,38.085995,TR,yes,OGU
medium_airport,Ain Beida Airport,31.9172,5.41278,DZ,yes,OGX
medium_airport,Vladikavkaz Beslan International Airport,43.205101,44.606602,RU,yes,OGZ
large_airport,Ohrid St. Paul the Apostle Airport,41.18,20.7423,MK,yes,OHD
medium_airport,Mohe Gulian Airport,52.916871,122.422759,CN,yes,OHE
medium_airport,Okhotsk Airport,59.410065,143.056503,RU,yes,OHO
large_airport,Suhar International Airport,24.38604,56.62541,OM,yes,OHS
medium_airport,Oshima Airport,34.782001495399996,139.36000061,JP,yes,OIM
medium_airport,Okushiri Airport,42.0717010498,139.432998657,JP,yes,OIR
medium_airport,Oita Airport,33.479400634799994,131.736999512,JP,yes,OIT
small_airport,Tanjung Api Airport,-0.865437,121.628625,ID,yes,OJU
large_airport,Naha International Airport,26.192437,127.639804,JP,yes,OKA
large_airport,OKC Will Rogers World Airport,35.393388,-97.598248,US,yes,OKC
medium_airport,Sapporo Okadama Airport,43.117447,141.38134,JP,yes,OKD
medium_airport,Okinoerabu Airport,27.431604,128.705564,JP,yes,OKE
medium_airport,Oki Global Geopark Airport,36.178388,133.323566,JP,yes,OKI
large_airport,Okayama Momotaro Airport,34.756901,133.854996,JP,yes,OKJ
medium_airport,Oksibil Airport,-4.9071,140.6277,ID,yes,OKL
small_airport,Yorke Island Airport,-9.752801,143.405673,AU,yes,OKR
medium_airport,Oakey Army Aviation Centre,-27.409262,151.736727,AU,yes,OKY
medium_airport,Ørland Airport,63.69889831542969,9.604000091552734,NO,yes,OLA
large_airport,Olbia Costa Smeralda Airport,40.898953,9.518457,IT,yes,OLB
medium_airport,L M Clayton Airport,48.094501,-105.574997,US,yes,OLF
small_airport,Old Harbor Airport,57.218102,-153.270004,US,yes,OLH
small_airport,North West Santo Airport,-14.881699562099998,166.557998657,VU,yes,OLJ
medium_airport,Olympia Regional Airport,46.969399,-122.903,US,yes,OLM
small_airport,Olympic Dam Airport,-30.483861,136.876699,AU,yes,OLP
medium_airport,Olyokminsk Airport,60.401833,120.476094,RU,yes,OLZ
large_airport,Eppley Airfield,41.3032,-95.894096,US,yes,OMA
medium_airport,Oranjemund Airport,-28.585318,16.44638,NA,yes,OMD
medium_airport,Nome Airport,64.51219940185547,-165.44500732421875,US,yes,OME
medium_airport,Urmia Airport,37.6680984497,45.0686988831,IR,yes,OMH
medium_airport,Zomin Airport,40.01402,68.41103,UZ,yes,OMN
large_airport,Mostar International Airport,43.282489,17.846101,BA,yes,OMO
large_airport,Oradea International Airport,47.025299,21.9025,RO,yes,OMR
large_airport,Omsk Central Airport,54.963124,73.312418,RU,yes,OMS
medium_airport,Ondangwa Airport,-17.878201,15.9526,NA,yes,OND
small_airport,Mornington Island Airport,-16.662500381469727,139.17799377441406,AU,yes,ONG
medium_airport,Odate Noshiro Airport,40.191898,140.371002,JP,yes,ONJ
medium_airport,Zonguldak Çaycuma Airport,41.506401,32.0886,TR,yes,ONQ
large_airport,Ontario International Airport,34.056,-117.600998,US,yes,ONT
medium_airport,Enrique Adolfo Jimenez Airport,9.35664,-79.867401,PA,yes,ONX
small_airport,Toksook Bay Airport,60.541401,-165.087006,US,yes,OOK
large_airport,Gold Coast Airport,-28.165962,153.506641,AU,yes,OOL
medium_airport,Cooma Snowy Mountains Airport,-36.300445,148.972408,AU,yes,OOM
medium_airport,Miami-Opa Locka Executive Airport,25.907,-80.278397,US,yes,OPF
large_airport,Francisco de Sá Carneiro Airport,41.2481002808,-8.68138980865,PT,yes,OPO
small_airport,Salinópolis Airport,-0.696111,-47.336111,BR,yes,OPP
small_airport,Presidente João Batista Figueiredo Airport,-11.885001,-55.586109,BR,yes,OPS
medium_airport,Balimo Airport,-8.05000019073,142.932998657,PG,yes,OPU
medium_airport,Örebro Airport,59.22370147705078,15.038000106811523,SE,yes,ORB
large_airport,Chicago O'Hare International Airport,41.9786,-87.9048,US,yes,ORD
large_airport,Norfolk International Airport,36.895341,-76.201,US,yes,ORF
small_airport,Zorg en Hoop Airport,5.811211,-55.192299,SR,yes,ORG
medium_airport,Worcester Regional Airport,42.2673,-71.875702,US,yes,ORH
small_airport,Port Lions Airport,57.884905,-152.847719,US,yes,ORI
large_airport,Cork International Airport,51.841301,-8.49111,IE,yes,ORK
large_airport,Oran Es-Sénia (Ahmed Ben Bella) International Airport,35.620648,-0.622486,DZ,yes,ORN
medium_airport,Northway Airport,62.9613,-141.929001,US,yes,ORT
large_airport,Juan Mendoza International Airport,-17.956151,-67.075829,BO,yes,ORU
small_airport,Robert (Bob) Curtis Memorial Airport,66.817902,-161.018997,US,yes,ORV
large_airport,Paris-Orly Airport,48.729499,2.358963,FR,yes,ORY
small_airport,H.E Alfredo Martinez (Tower Hill) Airstrip,18.046767,-88.583858,BZ,yes,ORZ
medium_airport,Åre Östersund Airport,63.193546,14.504168,SE,yes,OSD
medium_airport,Osijek Airport,45.462355,18.811278,HR,yes,OSI
large_airport,Oslo-Gardermoen International Airport,60.193901,11.1004,NO,yes,OSL
large_airport,Leoš Janáček Airport Ostrava,49.696301,18.111099,CZ,yes,OSR
large_airport,Osh International Airport,40.609001,72.793297,KG,yes,OSS
large_airport,Ostend-Bruges International Airport,51.1998,2.874673,BE,yes,OST
medium_airport,Orsk Airport,51.072498,58.5956,RU,yes,OSW
small_airport,Namsos Airport,64.472198,11.5786,NO,yes,OSY
small_airport,Raul Arias Espinoza Airport,8.62876,-79.034698,PA,yes,OTD
medium_airport,Southwest Oregon Regional Airport,43.41709899902344,-124.24600219726562,US,yes,OTH
large_airport,Bucharest Henri Coandă International Airport,44.571792,26.103285,RO,yes,OTP
small_airport,Anacortes Airport,48.498513,-122.662513,US,yes,OTS
medium_airport,Ralph Wien Memorial Airport,66.88469696,-162.598999,US,yes,OTZ
large_airport,Ouagadougou Thomas Sankara International Airport,12.3532,-1.51242,BF,yes,OUA
large_airport,Oujda Angads Airport,34.789558,-1.926041,MA,yes,OUD
small_airport,Ouessant Airport,48.4632,-5.06358,FR,yes,OUI
large_airport,Oulu Airport,64.930099,25.354601,FI,yes,OUL
medium_airport,Tazadit Airport,22.757345,-12.482228,MR,yes,OUZ
large_airport,Novosibirsk Tolmachevo Airport,55.019756,82.618675,RU,yes,OVB
large_airport,Asturias Airport,43.563599,-6.03462,ES,yes,OVD
medium_airport,Sovetskiy Airport,61.326622009277344,63.60191345214844,RU,yes,OVS
medium_airport,Owensboro Daviess County Airport,37.74010086,-87.16680145,US,yes,OWB
large_airport,Osvaldo Vieira International Airport,11.894262,-15.653596,GW,yes,OXB
medium_airport,Oyem Airport,1.5431100130081177,11.581399917602539,GA,yes,OYE
medium_airport,Labo Airport,8.17851,123.842003,PH,yes,OZC
large_airport,Zagora Airport,30.265788,-5.860808,MA,yes,OZG
large_airport,Ouarzazate International Airport,30.9391,-6.90943,MA,yes,OZZ
medium_airport,Bilaspur Airport,21.9884,82.111,IN,yes,PAB
medium_airport,Marcos A. Gelabert International Airport,8.97334,-79.555603,PA,yes,PAC
large_airport,Paderborn Lippstadt Airport,51.612527,8.617459,DE,yes,PAD
medium_airport,Seattle Paine Field International Airport,47.9063,-122.281998,US,yes,PAE
medium_airport,Pagadian Airport,7.825632,123.459635,PH,yes,PAG
medium_airport,Barkley Regional Airport,37.06079864501953,-88.7738037109375,US,yes,PAH
large_airport,Toussaint Louverture International Airport,18.580023,-72.292596,HT,yes,PAP
small_airport,Paros National Airport,37.020495,25.113195,GR,yes,PAS
medium_airport,Jay Prakash Narayan Airport,25.591299,85.087997,IN,yes,PAT
medium_airport,Paulo Afonso Airport,-9.40088,-38.250599,BR,yes,PAV
medium_airport,El Tajín National Airport,20.6026992798,-97.46080017090001,MX,yes,PAZ
large_airport,Hermanos Serdán International Airport,19.158465,-98.371582,MX,yes,PBC
medium_airport,Porbandar Airport,21.649524,69.656405,IN,yes,PBD
medium_airport,Plattsburgh International Airport,44.650902,-73.468102,US,yes,PBG
large_airport,Paro International Airport,27.4032,89.424599,BT,yes,PBH
large_airport,Palm Beach International Airport,26.683201,-80.095596,US,yes,PBI
small_airport,Tavie Airport,-16.431955,168.235511,VU,yes,PBJ
large_airport,Johan Adolf Pengel International Airport,5.45283,-55.187801,SR,yes,PBM
medium_airport,Paraburdoo Airport,-23.1711006165,117.745002747,AU,yes,PBO
medium_airport,Puerto Barrios Airport,15.7309,-88.583801,GT,yes,PBR
medium_airport,Putao Airport,27.32990074157715,97.42630004882812,MM,yes,PBU
large_airport,Cap FAP David Abenzur Rengifo International Airport,-8.378064,-74.574495,PE,yes,PCL
small_airport,Picton Aerodrome,-41.346099853516,173.95599365234,NZ,yes,PCN
medium_airport,Principe Airport,1.661155,7.411081,ST,yes,PCP
medium_airport,German Olano Airport,6.18472,-67.4932,CO,yes,PCR
medium_airport,Obando Cesar Gaviria Trujillo Airport,3.85353,-67.9062,CO,yes,PDA
small_airport,Pedro Bay Airport,59.796925,-154.129994,US,yes,PDB
large_airport,Minangkabau International Airport,-0.785964,100.280384,ID,yes,PDG
medium_airport,DeKalb Peachtree Airport,33.87633,-84.30213,US,yes,PDK
large_airport,João Paulo II Airport,37.7411994934,-25.6979007721,PT,yes,PDL
small_airport,Capt. J. Montenegro Airport,7.534801,-80.043347,PA,yes,PDM
medium_airport,Pendopo Airport,-3.2860701084136963,103.87999725341797,ID,yes,PDO
medium_airport,Capitan Corbeta CA Curbelo International Airport,-34.855099,-55.094299,UY,yes,PDP
medium_airport,Piedras Negras International Airport,28.627873,-100.53524,MX,yes,PDS
medium_airport,Eastern Oregon Regional Airport at Pendleton,45.695099,-118.841003,US,yes,PDT
large_airport,Plovdiv International Airport,42.067799,24.8508,BG,yes,PDV
large_airport,Portland International Airport,45.588699,-122.598,US,yes,PDX
seaplane_base,Pelican Seaplane Base,57.9552,-136.235992,US,yes,PEC
large_airport,Pardubice Airport,50.015049,15.73981,CZ,yes,PED
large_airport,Perm International Airport,57.914501,56.021198,RU,yes,PEE
large_airport,Perugia San Francesco d'Assisi – Umbria International Airport,43.095901,12.5132,IT,yes,PEG
medium_airport,Matecaña International Airport,4.81267,-75.7395,CO,yes,PEI
large_airport,Beijing Capital International Airport,40.077349,116.596702,CN,yes,PEK
medium_airport,Padre Aldamiz International Airport,-12.6135997772,-69.2285995483,PE,yes,PEM
large_airport,Penang International Airport,5.296303,100.276185,MY,yes,PEN
large_airport,Perth International Airport,-31.94029998779297,115.96700286865234,AU,yes,PER
medium_airport,Petrozavodsk Airport,61.885201,34.154701,RU,yes,PES
medium_airport,João Simões Lopes Neto International Airport,-31.717189,-52.327796,BR,yes,PET
small_airport,Puerto Lempira Airport,15.2622,-83.781197,HN,yes,PEU
large_airport,Pécs-Pogány International Airport,45.988891,18.242044,HU,yes,PEV
large_airport,Bacha Khan International Airport,33.9939,71.514603,PK,yes,PEW
medium_airport,Pechora Airport,65.121101,57.130798,RU,yes,PEX
medium_airport,Penza Airport,53.1106,45.021099,RU,yes,PEZ
medium_airport,Lauro Kurtz Airport,-28.243976,-52.32777,BR,yes,PFB
large_airport,Paphos International Airport,34.717999,32.485699,CY,yes,PFO
small_airport,Parsabad-Moghan Airport,39.6036,47.8815,IR,yes,PFQ
small_airport,Ilebo Airport,-4.329919,20.590124,CD,yes,PFR
medium_airport,Page Municipal Airport,36.924234,-111.447716,US,yes,PGA
medium_airport,Punta Gorda Airport,26.9202,-81.990501,US,yes,PGD
medium_airport,Perpignan-Rivesaltes (Llabanère) Airport,42.740398,2.87067,FR,yes,PGF
medium_airport,Pantnagar Airport,29.0334,79.473701,IN,yes,PGH
medium_airport,Depati Amir Airport,-2.1622,106.139,ID,yes,PGK
small_airport,Port Graham Airport,59.348355,-151.830025,US,yes,PGM
medium_airport,Persian Gulf International Airport,27.379601,52.737701,IR,yes,PGU
medium_airport,Pitt-Greenville Airport,35.635535,-77.384262,US,yes,PGV
medium_airport,Ponta Grossa Airport - Comandante Antonio Amilton Beraldo,-25.184476,-50.143822,BR,yes,PGZ
medium_airport,Parnaíba - Prefeito Doutor João Silva Filho International Airport,-2.89375,-41.731998,BR,yes,PHB
large_airport,Port Harcourt International Airport,5.01549,6.94959,NG,yes,PHC
large_airport,Port Hedland International Airport,-20.382787,118.629789,AU,yes,PHE
medium_airport,Newport News Williamsburg International Airport,37.131901,-76.492996,US,yes,PHF
medium_airport,Port Harcourt City Airport / Port Harcourt Air Force Base,4.846111,7.021389,NG,yes,PHG
large_airport,Pokhara International Airport,28.1838,84.0147,NP,yes,PHH
large_airport,Philadelphia International Airport,39.871899,-75.241096,US,yes,PHL
small_airport,Point Hope Airport,68.348801,-166.798996,US,yes,PHO
medium_airport,Phitsanulok Airport,16.7829,100.278999,TH,yes,PHS
medium_airport,Hendrik Van Eck Airport,-23.937200546299998,31.1553993225,ZA,yes,PHW
large_airport,Phoenix Sky Harbor International Airport,33.435302,-112.005905,US,yes,PHX
medium_airport,Phetchabun Airport,16.6760005951,101.194999695,TH,yes,PHY
medium_airport,General Wayne A. Downing Peoria International Airport,40.663841,-89.692631,US,yes,PIA
medium_airport,Hattiesburg Laurel Regional Airport,31.4671,-89.337097,US,yes,PIB
large_airport,St. Petersburg Clearwater International Airport,27.9102,-82.687401,US,yes,PIE
medium_airport,Pocatello Regional Airport,42.9098014831543,-112.59600067138672,US,yes,PIH
large_airport,Glasgow Prestwick Airport,55.501499,-4.577182,GB,yes,PIK
small_airport,Pilot Point Airport,57.580399,-157.572006,US,yes,PIP
medium_airport,Pierre Regional Airport,44.38270187,-100.2860031,US,yes,PIR
medium_airport,Poitiers-Biard Airport,46.5877,0.306666,FR,yes,PIS
large_airport,Pittsburgh International Airport,40.491501,-80.232903,US,yes,PIT
medium_airport,PAF Captain Guillermo Concha Iberico International Airport,-5.20575,-80.616402,PE,yes,PIU
medium_airport,Pico Airport,38.554298,-28.441299,PT,yes,PIX
medium_airport,Point Lay LRRS Airport,69.732903,-163.005005,US,yes,PIZ
small_airport,Pajala Airport,67.244569,23.074894,SE,yes,PJA
medium_airport,Puerto Jimenez Airport,8.533329963684082,-83.30000305175781,CR,yes,PJM
small_airport,Napaskiak Airport,60.7029,-161.778,US,yes,PKA
medium_airport,Mid Ohio Valley Regional Airport,39.3451,-81.439201,US,yes,PKB
large_airport,Yelizovo Airport,53.168716,158.451068,RU,yes,PKC
medium_airport,Parkes Airport,-33.131401062,148.238998413,AU,yes,PKE
small_airport,Pulau Pangkor Airport,4.244719982147217,100.5530014038086,MY,yes,PKG
small_airport,Iskandar Airport,-2.7052,111.672997,ID,yes,PKN
small_airport,Puka Puka Airport,-14.80955,-138.812621,PF,yes,PKP
medium_airport,Pokhara Domestic Airport,28.200621,83.981203,NP,yes,PKR
medium_airport,Sultan Syarif Kasim II International Airport / Roesmin Nurjadin AFB,0.458647,101.444321,ID,yes,PKU
medium_airport,Princess Olga Pskov International Airport,57.781316,28.39384,RU,yes,PKV
large_airport,Beijing Daxing International Airport,39.501289,116.413967,CN,yes,PKX
medium_airport,Tjilik Riwut Airport,-2.227146,113.943388,ID,yes,PKY
large_airport,Pakse International Airport,15.133973,105.779871,LA,yes,PKZ
medium_airport,Placencia Airport,16.536957,-88.361511,BZ,yes,PLJ
medium_airport,Sultan Mahmud Badaruddin II Airport,-2.897653,104.698147,ID,yes,PLM
medium_airport,Pellston Regional Airport of Emmet County Airport,45.57089996,-84.79669952,US,yes,PLN
medium_airport,Port Lincoln Airport,-34.6053009033,135.880004883,AU,yes,PLO
large_airport,Palanga International Airport,55.973202,21.093901,LT,yes,PLQ
large_airport,Providenciales International Airport,21.773697,-72.268321,TC,yes,PLS
medium_airport,Mutiara - SIS Al-Jufrie Airport,-0.916462,119.908647,ID,yes,PLW
large_airport,Semei International Airport,50.351295,80.234398,KZ,yes,PLX
large_airport,Chief Dawid Stuurman International Airport,-33.989715,25.617353,ZA,yes,PLZ
large_airport,El Tepual International Airport,-41.443093,-73.094065,CL,yes,PMC
medium_airport,Parma Airport,44.826351,10.29705,IT,yes,PMF
medium_airport,Ponta Porã Airport,-22.549601,-55.702599,BR,yes,PMG
large_airport,Palma de Mallorca Airport,39.551701,2.73881,ES,yes,PMI
small_airport,Palm Island Airport,-18.755301,146.580994,AU,yes,PMK
large_airport,Falcone–Borsellino Airport,38.175999,13.091,IT,yes,PMO
medium_airport,Perito Moreno Jalil Hamer Airport,-46.537899,-70.978699,AR,yes,PMQ
medium_airport,Palmerston North Airport,-40.320599,175.617004,NZ,yes,PMR
large_airport,Del Caribe Santiago Mariño International Airport,10.912603,-63.966599,VE,yes,PMV
medium_airport,Brigadeiro Lysias Rodrigues Airport,-10.2915,-48.356998,BR,yes,PMW
medium_airport,El Tehuelche Airport,-42.7592,-65.1027,AR,yes,PMY
medium_airport,Pamplona Airport,42.77,-1.64633,ES,yes,PNA
small_airport,Punta Gorda Airport,16.1024,-88.808296,BZ,yes,PND
medium_airport,Pohnpei International Airport,6.985082,158.20992,FM,yes,PNI
large_airport,Supadio International Airport,-0.152258,109.404493,ID,yes,PNK
medium_airport,Pantelleria Airport,36.816502,11.9689,IT,yes,PNL
medium_airport,Girua Airport,-8.80453968048,148.309005737,PG,yes,PNP
large_airport,Pune International Airport,18.5821,73.919701,IN,yes,PNQ
large_airport,Antonio Agostinho-Neto International Airport,-4.81603,11.8866,CG,yes,PNR
large_airport,Pensacola International Airport,30.472718,-87.186639,US,yes,PNS
medium_airport,Lieutenant Julio Gallardo Airport,-51.67067,-72.529078,CL,yes,PNT
medium_airport,Pondicherry Airport,11.968,79.812,IN,yes,PNY
medium_airport,Senador Nilo Coelho Airport,-9.362422,-40.569098,BR,yes,PNZ
large_airport,Porto Alegre-Salgado Filho International Airport,-29.993984,-51.167482,BR,yes,POA
large_airport,Port Gentil International Airport,-0.711739,8.75438,GA,yes,POG
medium_airport,Pemba Airport,-12.993302,40.524867,MZ,yes,POL
large_airport,Port Moresby Jacksons International Airport,-9.443380355834961,147.22000122070312,PG,yes,POM
medium_airport,Gregorio Luperon International Airport,19.7579,-70.57,DO,yes,POP
medium_airport,Pori Airport,61.4617,21.799999,FI,yes,POR
large_airport,Piarco International Airport,10.59535,-61.337568,TT,yes,POS
large_airport,Poznań-Ławica Airport,52.421598,16.823359,PL,yes,POZ
medium_airport,Presidente Prudente Airport,-22.1751,-51.424599,BR,yes,PPB
small_airport,Mar de Cortés International Airport,31.351987,-113.305177,MX,yes,PPE
large_airport,Pago Pago International Airport,-14.331,-170.710007,AS,yes,PPG
large_airport,Petropavl International Airport,54.775622,69.187415,KZ,yes,PPK
medium_airport,Guillermo León Valencia Airport,2.454359,-76.609253,CO,yes,PPN
medium_airport,Proserpine Whitsunday Coast Airport,-20.494416,148.553583,AU,yes,PPP
large_airport,Puerto Princesa International Airport / PAF Antonio Bautista Air Base,9.742044,118.75911,PH,yes,PPS
large_airport,Fa'a'ā International Airport,-17.553472,-149.606936,PF,yes,PPT
seaplane_base,Port Protection Seaplane Base,56.3288,-133.610001,US,yes,PPV
small_airport,Papa Westray Airport,59.351012,-2.900353,GB,yes,PPW
large_airport,Phú Quốc International Airport,10.169783,103.99353,VN,yes,PQC
medium_airport,Presque Isle International Airport,46.688999,-68.0448,US,yes,PQI
medium_airport,Port Macquarie Airport,-31.4358005524,152.863006592,AU,yes,PQQ
small_airport,Pilot Station Airport,61.96169,-162.941944,US,yes,PQS
heliport,Qeqertaq Heliport,69.995861,-51.300917,GL,yes,PQT
medium_airport,General Urquiza Airport,-31.7948,-60.4804,AR,yes,PRA
medium_airport,Prescott Regional Airport - Ernest A. Love Field,34.653502,-112.419883,US,yes,PRC
large_airport,Václav Havel Airport Prague,50.100874,14.259911,CZ,yes,PRG
medium_airport,Praslin Island Airport,-4.319256,55.691561,SC,yes,PRI
medium_airport,Portimão Airport,37.1493,-8.58396,PT,yes,PRM
large_airport,Priština Adem Jashari International Airport,42.5728,21.035801,XK,yes,PRN
large_airport,Pisa International Airport,43.683899,10.3927,IT,yes,PSA
medium_airport,Tri Cities Airport,46.264702,-119.119003,US,yes,PSC
large_airport,Port Said International Airport,31.279285,32.240582,EG,yes,PSD
medium_airport,Mercedita International Airport,18.008301,-66.563004,PR,yes,PSE
medium_airport,Petersburg James A Johnson Airport,56.80170059,-132.9450073,US,yes,PSG
medium_airport,Portsmouth International Airport at Pease,43.0779,-70.823303,US,yes,PSM
medium_airport,Antonio Nariño Airport,1.396722,-77.29093,CO,yes,PSO
large_airport,Palm Springs International Airport,33.8297,-116.507004,US,yes,PSP
large_airport,Abruzzo Airport,42.431079,14.182981,IT,yes,PSR
medium_airport,Libertador Gral D Jose De San Martin Airport,-27.3858,-55.9707,AR,yes,PSS
medium_airport,Pangsuma Airport,0.834579,112.940217,ID,yes,PSU
small_airport,Port Stanley Airport,-51.685699,-57.777599,FK,yes,PSY
medium_airport,Capitán Av. Salvador Ogaya G. airport,-18.975301,-57.820599,BO,yes,PSZ
small_airport,Port Alsworth Airport,60.201681,-154.325863,US,yes,PTA
seaplane_base,Port Alexander Seaplane Base,56.246799,-134.647995,US,yes,PTD
small_airport,Malolo Lailai Island Airport,-17.778448,177.196996,FJ,yes,PTF
large_airport,Polokwane International Airport,-23.845269,29.458615,ZA,yes,PTG
medium_airport,Port Heiden Airport,56.957893,-158.630219,US,yes,PTH
medium_airport,Portland Airport,-38.31809997558594,141.4709930419922,AU,yes,PTJ
small_airport,Juvenal Loureiro Cardoso Airport,-26.217184,-52.694463,BR,yes,PTO
large_airport,Maryse Condé International Airport,16.265443,-61.532754,GP,yes,PTP
medium_airport,Platinum Airport,59.017675,-161.827927,US,yes,PTU
large_airport,Tocumen International Airport,9.07136,-79.383499,PA,yes,PTY
medium_airport,Pueblo Memorial Airport,38.289101,-104.497002,US,yes,PUB
medium_airport,Puerto Deseado Airport,-47.7353,-65.9041,AR,yes,PUD
medium_airport,Pau Pyrénées Airport,43.380001,-0.418611,FR,yes,PUF
medium_airport,Port Augusta Airport,-32.506900787353516,137.7169952392578,AU,yes,PUG
large_airport,Punta Cana International Airport,18.567093,-68.364558,DO,yes,PUJ
large_airport,President Carlos Ibáñez International Airport,-53.002602,-70.854599,CL,yes,PUQ
small_airport,Puerto Rico Airport,-11.107663,-67.551155,BO,yes,PUR
large_airport,Gimhae International Airport,35.179501,128.938004,KR,yes,PUS
medium_airport,Tres De Mayo Airport,0.505228,-76.5008,CO,yes,PUU
medium_airport,Pullman-Moscow Regional Airport,46.741601,-117.11163,US,yes,PUW
large_airport,Pula Airport,44.893501,13.9222,HR,yes,PUY
medium_airport,Puerto Cabezas Airport,14.047200202941895,-83.38670349121094,NI,yes,PUZ
medium_airport,El Embrujo Airport,13.357461,-81.357977,CO,yes,PVA
large_airport,Rhode Island T. F. Green International Airport,41.725038,-71.425668,US,yes,PVD
large_airport,Shanghai Pudong International Airport,31.1434,121.805,CN,yes,PVG
large_airport,Governador Jorge Teixeira de Oliveira International Airport,-8.708491,-63.902338,BR,yes,PVH
medium_airport,Aktion National Airport,38.925499,20.765301,GR,yes,PVK
large_airport,Puerto Vallarta International Airport,20.679913,-105.254391,MX,yes,PVR
medium_airport,Provo Municipal Airport,40.218894,-111.722445,US,yes,PVU
medium_airport,Pevek Airport,69.783302,170.597,RU,yes,PWE
large_airport,Portland International Jetport,43.646198,-70.309303,US,yes,PWM
large_airport,Pavlodar International Airport,52.194982,77.073088,KZ,yes,PWQ
small_airport,Prominent Hill Airport,-29.716,135.5244,AU,yes,PXH
medium_airport,Puerto Escondido International Airport,15.876808,-97.0891,MX,yes,PXM
medium_airport,Porto Santo Airport,33.0733985901,-16.3500003815,PT,yes,PXO
medium_airport,Surin Airport,14.868300437927,103.49800109863,TH,yes,PXR
medium_airport,Pleiku Airport,14.004500389099121,108.01699829101562,VN,yes,PXU
medium_airport,Polyarny Airport,66.400398,112.029999,RU,yes,PYJ
large_airport,Payam International Airport,35.7761,50.826698,IR,yes,PYK
small_airport,Pedro Rabelo de Souza Airport,-17.242599,-46.883099,BR,yes,PYT
medium_airport,Pietermaritzburg Airport,-29.649000167799997,30.3987007141,ZA,yes,PZB
heliport,Penzance Heliport,50.130376,-5.513946,GB,yes,PZE
medium_airport,Zhob Airport,31.358400344848633,69.4636001586914,PK,yes,PZH
medium_airport,Panzhihua Bao'anying Airport,26.54,101.79852,CN,yes,PZI
large_airport,General Manuel Carlos Piar International Airport,8.28853,-62.760399,VE,yes,PZO
large_airport,Port Sudan New International Airport,19.434558,37.234125,SD,yes,PZU
medium_airport,Bella Coola Airport,52.387501,-126.596001,CA,yes,QBC
heliport,Akunnaaq Heliport,68.744273,-52.340369,GL,yes,QCU
heliport,Eqalugaarsuit Heliport,60.61972,-45.914062,GL,yes,QFG
heliport,Iginniarfik Heliport,68.14583,-53.16916,GL,yes,QFI
heliport,Narsarmijit Heliport,60.004694,-44.656935,GL,yes,QFN
heliport,Igaliku Heliport,60.99229,-45.431428,GL,yes,QFX
heliport,Attu Heliport,67.940663,-53.62187,GL,yes,QGQ
heliport,Kitsissuarsuit Heliport,68.857926,-53.123295,GL,yes,QJE
heliport,Qassimiut Heliport,60.780959,-47.156249,GL,yes,QJH
heliport,Ikamiut Heliport,68.634253,-51.832262,GL,yes,QJI
heliport,Saarloq Heliport,60.537778,-46.024722,GL,yes,QOQ
medium_airport,Sam Mbakwe International Cargo Airport,5.42706,7.20603,NG,yes,QOW
heliport,Kangaatsiaq Heliport,68.312657,-53.460208,GL,yes,QPW
large_airport,Querétaro Intercontinental Airport,20.618779,-100.186449,MX,yes,QRO
medium_airport,Warri Airport,5.59821,5.8187,NG,yes,QRW
heliport,Ikerassaarsuk Heliport,68.140881,-53.441459,GL,yes,QRY
medium_airport,Ain Arnat Airport,36.178488,5.329909,DZ,yes,QSF
medium_airport,Salerno Costa d'Amalfi Airport,40.620399,14.9113,IT,yes,QSR
medium_airport,Shache Airport,38.24542,77.056149,CN,yes,QSZ
medium_airport,Akwa Ibom International Airport,4.8725,8.093,NG,yes,QUO
heliport,Aappilattoq Heliport,60.148357,-44.286916,GL,yes,QUV
heliport,Ammassivik Heliport,60.597376,-45.382445,GL,yes,QUW
medium_airport,Tokua Airport,-4.34046,152.380005,PG,yes,RAB
medium_airport,Arar Domestic Airport,30.906600952148438,41.13819885253906,SA,yes,RAE
medium_airport,Rafha Domestic Airport,29.626399993896484,43.4906005859375,SA,yes,RAH
large_airport,Nelson Mandela International Airport,14.941126,-23.484728,CV,yes,RAI
large_airport,Marrakesh Menara Airport,31.604807,-8.035788,MA,yes,RAK
small_airport,Ramingining Airport,-12.356399536132812,134.8979949951172,AU,yes,RAM
medium_airport,Leite Lopes Airport,-21.134314,-47.774053,BR,yes,RAO
medium_airport,Rapid City Regional Airport,44.0452995300293,-103.05699920654297,US,yes,RAP
large_airport,Rarotonga International Airport,-21.2027,-159.806,CK,yes,RAR
medium_airport,Sardar-e-Jangal Airport,37.323333,49.617778,IR,yes,RAS
large_airport,Rabat-Salé Airport,34.051498,-6.75152,MA,yes,RBA
small_airport,Borba Airport,-4.40634,-59.602402,BR,yes,RBB
small_airport,Rurrenabaque Airport,-14.4279,-67.496803,BO,yes,RBQ
large_airport,Rio Branco-Plácido de Castro International Airport,-9.869031,-67.893984,BR,yes,RBR
small_airport,Ramata Airport,-8.168060302734375,157.64300537109375,SB,yes,RBV
medium_airport,Ruby Airport,64.727203,-155.470001,US,yes,RBY
medium_airport,Richards Bay Airport,-28.740999221800003,32.0920982361,ZA,yes,RCB
small_airport,Roche Harbor Airport,48.612301,-123.139,US,yes,RCE
medium_airport,Almirante Padilla Airport,11.5262,-72.926,CO,yes,RCH
small_airport,Richmond Airport,-20.701900482177734,143.11500549316406,AU,yes,RCM
medium_airport,Redding Municipal Airport,40.50899887,-122.2929993,US,yes,RDD
medium_airport,Roberts Field,44.254101,-121.150002,US,yes,RDM
medium_airport,Warsaw Radom Airport,51.38937,21.214742,PL,yes,RDO
medium_airport,Kazi Nazrul Islam Airport,23.6225,87.243,IN,yes,RDP
large_airport,Raleigh-Durham International Airport,35.878659,-78.7873,US,yes,RDU
small_airport,Red Devil Airport,61.788101,-157.350006,US,yes,RDV
medium_airport,Rodez–Aveyron Airport,44.407902,2.48267,FR,yes,RDZ
large_airport,Recife/Guararapes - Gilberto Freyre International Airport,-8.12747,-34.922961,BR,yes,REC
medium_airport,Reggio Calabria Airport,38.071201,15.6516,IT,yes,REG
medium_airport,Almirante Marco Andres Zar Airport,-43.2105,-65.2703,AR,yes,REL
medium_airport,Orenburg Central Airport,51.792668,55.457229,RU,yes,REN
medium_airport,Retalhuleu Airport,14.521431,-91.697001,GT,yes,RER
large_airport,Resistencia International Airport,-27.44991,-59.056125,AR,yes,RES
small_airport,Røst Airport,67.526482,12.101575,NO,yes,RET
large_airport,Reus Airport,41.147509,1.168354,ES,yes,REU
medium_airport,"Rewa Airport, Chorhata, REWA",24.503401,81.220299,IN,yes,REW
medium_airport,General Lucio Blanco International Airport,26.0089,-98.2285,MX,yes,REX
medium_airport,Chicago Rockford International Airport,42.1954,-89.097198,US,yes,RFD
medium_airport,Raiatea Airport,-16.7229,-151.466003,PF,yes,RFP
medium_airport,Gobernador Ramón Trejo Noel International Airport,-53.7777,-67.7494,AR,yes,RGA
medium_airport,Rangiroa Airport,-14.954299926757812,-147.66099548339844,PF,yes,RGI
large_airport,Piloto Civil Norberto Fernández International Airport,-51.608791,-69.308948,AR,yes,RGL
large_airport,Yangon International Airport,16.907300949099998,96.1332015991,MM,yes,RGN
medium_airport,Orang (Chongjin) Airport,41.428538,129.647555,KP,yes,RGO
medium_airport,Termas de Río Hondo international Airport,-27.4966,-64.93595,AR,yes,RHD
medium_airport,Rhinelander Oneida County Airport,45.63119888305664,-89.46749877929688,US,yes,RHI
large_airport,"Rhodes International Airport ""Diagoras""",36.405399,28.086201,GR,yes,RHO
small_airport,Alxa Right Banner Badanjilin Airport,39.225,101.546,CN,yes,RHT
medium_airport,Santa Maria Airport,-29.711399,-53.688202,BR,yes,RIA
medium_airport,Capitán Av. Selin Zeitun Lopez Airport,-11.009355,-66.075468,BO,yes,RIB
large_airport,Richmond International Airport,37.505199,-77.319702,US,yes,RIC
small_airport,Scarlett Martinez International Airport,8.375880241394,-80.127899169922,PA,yes,RIH
medium_airport,Rishiri Airport,45.2420005798,141.186004639,JP,yes,RIS
medium_airport,Central Wyoming Regional Airport,43.064201,-108.459999,US,yes,RIW
large_airport,Riga International Airport,56.920752,23.970711,LV,yes,RIX
large_airport,Riyan International Airport,14.662241,49.375289,YE,yes,RIY
medium_airport,Rizhao Shanzihe Airport,35.405033,119.324403,CN,yes,RIZ
medium_airport,Rajahmundry Airport,17.105799,81.813204,IN,yes,RJA
medium_airport,Shah Makhdum Airport,24.437201,88.616501,BD,yes,RJH
large_airport,Rijeka Airport,45.216376,14.57085,HR,yes,RJK
small_airport,Marinda Airport,-0.424969,130.773535,ID,yes,RJM
medium_airport,Rafsanjan Airport,30.298345,56.048979,IR,yes,RJN
medium_airport,Knox County Regional Airport,44.060101,-69.099197,US,yes,RKD
medium_airport,Copenhagen Roskilde Airport,55.585602,12.1314,DK,yes,RKE
small_airport,Mentawai Airport,-2.094167,99.699167,ID,yes,RKI
medium_airport,Southwest Wyoming Regional Airport,41.5942,-109.065001,US,yes,RKS
large_airport,Ras Al Khaimah International Airport,25.613501,55.938801,AE,yes,RKT
medium_airport,Reykjavík Domestic Airport,64.128732,-21.93759,IS,yes,RKV
large_airport,Xigaze Peace Airport / Shigatse Air Base,29.350876,89.299157,CN,yes,RKZ
medium_airport,Rostock-Laage Airport,53.918201,12.2783,DE,yes,RLG
medium_airport,Bayannur Tianjitai Airport,40.926358,107.74093,CN,yes,RLK
medium_airport,Roma Airport,-26.545000076300003,148.774993896,AU,yes,RMA
large_airport,Marsa Alam International Airport,25.555548,34.59245,EG,yes,RMF
large_airport,Federico Fellini International Airport,44.020024,12.612198,IT,yes,RMI
large_airport,Colombo Ratmalana International Airport,6.821638,79.885859,LK,yes,RML
large_airport,Chişinău International Airport,46.92774,28.931704,MD,yes,RMO
small_airport,Rampart Airport,65.507896,-150.141007,US,yes,RMP
large_airport,Taichung International Airport / Ching Chuang Kang Air Base,24.2647,120.621002,TW,yes,RMQ
small_airport,Rimatara Airport,-22.63725,-152.8059,PF,yes,RMT
large_airport,Region of Murcia International Airport,37.802852,-1.124884,ES,yes,RMU
medium_airport,Tobolsk Remezov Airport,58.059712,68.347997,RU,yes,RMZ
medium_airport,Ronneby Airport,56.266701,15.265,SE,yes,RNB
small_airport,Corn Island Airport,12.174785,-83.059445,NI,yes,RNI
medium_airport,Yoron Airport,27.043847,128.401648,JP,yes,RNJ
small_airport,Rennell/Tingoa Airport,-11.55,160.062778,SB,yes,RNL
medium_airport,Bornholm Airport,55.063301,14.7596,DK,yes,RNN
large_airport,Reno Tahoe International Airport,39.4991,-119.767998,US,yes,RNO
small_airport,Rongelap Island Airport,11.1572,166.886993,MH,yes,RNP
medium_airport,Rennes-Saint-Jacques Airport,48.0695,-1.73479,FR,yes,RNS
medium_airport,Roanoke–Blacksburg Regional Airport,37.3255,-79.975403,US,yes,ROA
large_airport,Roberts International Airport,6.23379,-10.3623,LR,yes,ROB
large_airport,Frederick Douglass Greater Rochester International Airport,43.1189,-77.672401,US,yes,ROC
medium_airport,Roi Et Airport,16.1168,103.774002,TH,yes,ROI
medium_airport,Rockhampton Airport,-23.380019,150.475359,AU,yes,ROK
medium_airport,Maestro Marinho Franco Airport,-16.584292,-54.724803,BR,yes,ROO
large_airport,Rota International Airport,14.173267,145.241103,MP,yes,ROP
large_airport,Roman Tmetuchl International Airport,7.366965,134.544085,PW,yes,ROR
large_airport,Rosario Islas Malvinas International Airport,-32.9036,-60.785,AR,yes,ROS
medium_airport,Rotorua Regional Airport,-38.1092,176.317001,NZ,yes,ROT
large_airport,Platov International Airport,47.493888,39.924722,RU,yes,ROV
medium_airport,Roswell Air Center Airport,33.301601,-104.530998,US,yes,ROW
medium_airport,Swami Vivekananda Airport,21.180401,81.7388,IN,yes,RPR
medium_airport,Ruoqiang Loulan Airport,38.974722,88.008333,CN,yes,RQA
medium_airport,Sir Charles Gaetan Duval Airport,-19.756696,63.359326,MU,yes,RRG
medium_airport,Jacarepaguá - Roberto Marinho Airport,-22.986773,-43.372194,BR,yes,RRJ
small_airport,Raroia Airport,-16.050485,-142.476568,PF,yes,RRR
medium_airport,Røros Airport,62.578399658203,11.342300415039,NO,yes,RRS
medium_airport,Santa Rosa Airport,-36.588299,-64.275703,AR,yes,RSA
medium_airport,Rock Sound International Airport,24.89165,-76.177602,BS,yes,RSD
small_airport,Russian Mission Airport,61.775071,-161.319466,US,yes,RSH
large_airport,Red Sea International Airport,25.627975,37.088914,SA,yes,RSI
seaplane_base,Rosario Seaplane Base,48.645699,-122.867996,US,yes,RSJ
medium_airport,Rochester International Airport,43.908298,-92.5,US,yes,RST
medium_airport,Yeosu Airport,34.84230041503906,127.61699676513672,KR,yes,RSU
large_airport,Southwest Florida International Airport,26.534685,-81.752816,US,yes,RSW
small_airport,Rotuma Airport,-12.482500076293945,177.0709991455078,FJ,yes,RTA
large_airport,Juan Manuel Gálvez International Airport,16.316799,-86.523003,HN,yes,RTB
small_airport,Frans Sales Lega Airport,-8.596171,120.478177,ID,yes,RTG
small_airport,David Constantijn Saudale Airport,-10.765834,123.076046,ID,yes,RTI
large_airport,Rotterdam The Hague Airport,51.956902,4.43722,NL,yes,RTM
medium_airport,Arua Airport,3.049152,30.911714,UG,yes,RUA
large_airport,King Khalid International Airport,24.9576,46.698799,SA,yes,RUH
small_airport,Maavaarulaa Airport,0.338085,73.512869,MV,yes,RUL
large_airport,Roland Garros Airport,-20.890087,55.518894,RE,yes,RUN
medium_airport,Rurutu Airport,-22.434099197387695,-151.36099243164062,PF,yes,RUR
small_airport,Marau Airport,-9.86167,160.824997,SB,yes,RUS
medium_airport,Rutland - Southern Vermont Regional Airport,43.5294,-72.9496,US,yes,RUT
small_airport,Los Colonizadores Airport,6.951868,-71.857179,CO,yes,RVE
medium_airport,"Rørvik Airport, Ryum",64.838302612305,11.14610004425,NO,yes,RVK
large_airport,Rovaniemi Airport,66.563327,25.829751,FI,yes,RVN
small_airport,Raivavae Airport,-23.885201,-147.662003,PF,yes,RVV
medium_airport,Pres. Gral. Óscar D. Gestido Binational Airport,-30.9746,-55.4762,UY,yes,RVY
medium_airport,Rivne International Airport,50.60710144042969,26.141599655151367,UA,yes,RWN
medium_airport,Roxas Airport,11.597700119018555,122.75199890136719,PH,yes,RXS
medium_airport,Staroselye Airport,58.104198,38.929401,RU,yes,RYB
medium_airport,Shaikh Zaid Airport,28.383899688720703,70.27960205078125,PK,yes,RYK
small_airport,28 de Noviembre Airport,-51.605,-72.2203,AR,yes,RYO
large_airport,Rzeszów-Jasionka Airport,50.109791,22.024155,PL,yes,RZE
medium_airport,Ramsar Airport,36.90701,50.687316,IR,yes,RZR
large_airport,Rize–Artvin Airport,41.179766,40.848802,TR,yes,RZV
medium_airport,Juancho E. Yrausquin Airport,17.64533,-63.220514,BQ,yes,SAB
heliport,Saattut Heliport,70.811172,-51.63129,GL,yes,SAE
medium_airport,Santa Fe Municipal Airport,35.6171,-106.088997,US,yes,SAF
large_airport,Shirdi International Airport,19.689211,74.373655,IN,yes,SAG
large_airport,Sanaa International Airport,15.4763,44.2197,YE,yes,SAH
large_airport,Siem Reap-Angkor International Airport,13.36974,104.223831,KH,yes,SAI
large_airport,El Salvador International Airport Saint Óscar Arnulfo Romero y Galdámez,13.44447,-89.055784,SV,yes,SAL
large_airport,San Diego International Airport,32.733601,-117.190002,US,yes,SAN
large_airport,Ramón Villeda Morales International Airport,15.4526,-87.923599,HN,yes,SAP
medium_airport,San Andros Airport,25.053800582885742,-78.04900360107422,BS,yes,SAQ
large_airport,San Antonio International Airport,29.533701,-98.469803,US,yes,SAT
large_airport,Savannah Hilton Head International Airport,32.126591,-81.19998,US,yes,SAV
large_airport,Istanbul Sabiha Gökçen International Airport,40.898602,29.3092,TR,yes,SAW
medium_airport,Santa Barbara Municipal Airport,34.426201,-119.839996,US,yes,SBA
large_airport,San Bernardino International Airport,34.096717,-117.236596,US,yes,SBD
medium_airport,St. Jean Airport,17.904398,-62.843333,BL,yes,SBH
medium_airport,South Bend International Airport,41.708304,-86.316922,US,yes,SBN
medium_airport,San Luis County Regional Airport,35.236801147499996,-120.641998291,US,yes,SBP
small_airport,Saibai Island Airport,-9.37833,142.625,AU,yes,SBR
medium_airport,Sabetta International Airport,71.219167,72.052222,RU,yes,SBT
medium_airport,Sibu Airport,2.2616,111.985001,MY,yes,SBW
medium_airport,Salisbury Ocean City Wicomico Regional Airport,38.34049987792969,-75.51029968261719,US,yes,SBY
large_airport,Sibiu International Airport,45.785841,24.086666,RO,yes,SBZ
medium_airport,Deadhorse Airport,70.19470215,-148.4649963,US,yes,SCC
medium_airport,State College Regional Airport,40.849374,-77.84852,US,yes,SCE
medium_airport,Stockton Metropolitan Airport,37.893279,-121.238079,US,yes,SCK
large_airport,Comodoro Arturo Merino Benítez International Airport,-33.393001556396484,-70.78579711914062,CL,yes,SCL
small_airport,Scammon Bay Airport,61.84471,-165.575209,US,yes,SCM
medium_airport,Saarbrücken Airport,49.214545,7.109735,DE,yes,SCN
large_airport,Aktau International Airport,43.860093,51.09086,KZ,yes,SCO
large_airport,Santiago-Rosalía de Castro Airport,42.896301,-8.41514,ES,yes,SCQ
large_airport,Scandinavian Mountains Airport,61.16508,12.83352,SE,yes,SCR
medium_airport,Socotra Airport,12.632093,53.906173,YE,yes,SCT
large_airport,Antonio Maceo International Airport,19.97474,-75.835504,CU,yes,SCU
large_airport,Suceava Ștefan cel Mare International Airport,47.6875,26.354099,RO,yes,SCV
medium_airport,Syktyvkar Airport,61.64699935913086,50.84510040283203,RU,yes,SCW
small_airport,San Cristóbal Airport,-0.910206,-89.617401,EC,yes,SCY
small_airport,Santa Cruz/Graciosa Bay/Luova Airport,-10.7203,165.794998,SB,yes,SCZ
medium_airport,Lubango Mukanka International Airport,-14.924839,13.576653,AO,yes,SDD
medium_airport,Vicecomodoro Angel D. La Paz Aragonés Airport,-27.765556335399996,-64.3099975586,AR,yes,SDE
large_airport,Louisville Muhammad Ali International Airport,38.1706,-85.735076,US,yes,SDF
medium_airport,Sanandaj Airport,35.24589920043945,47.00920104980469,IR,yes,SDG
large_airport,Sendai Airport,38.139702,140.917007,JP,yes,SDJ
medium_airport,Sandakan Airport,5.900899887084961,118.05899810791016,MY,yes,SDK
medium_airport,Sundsvall-Härnösand Airport,62.528099060058594,17.443899154663086,SE,yes,SDL
small_airport,"Sandane Airport, Anda",61.830002,6.10583,NO,yes,SDN
medium_airport,Sand Point Airport,55.313908,-160.522099,US,yes,SDP
large_airport,Las Américas International Airport,18.42970085144,-69.668899536133,DO,yes,SDQ
medium_airport,Seve Ballesteros-Santander Airport,43.427101,-3.82001,ES,yes,SDR
medium_airport,Sado Airport,38.0601997375,138.414001465,JP,yes,SDS
large_airport,Santos Dumont Airport,-22.910397,-43.16282,BR,yes,SDU
medium_airport,Sindhudurg Airport,16.002552,73.529846,IN,yes,SDW
medium_airport,Sidney - Richland Regional Airport,47.705141,-104.194422,US,yes,SDY
large_airport,Seattle–Tacoma International Airport,47.447943,-122.310276,US,yes,SEA
medium_airport,Sabha Airport,26.992452,14.466162,LY,yes,SEB
medium_airport,Srednekolymsk Airport,67.4805,153.7364,RU,yes,SEK
medium_airport,London Southend Airport,51.570562,0.693627,GB,yes,SEN
small_airport,Santa Magalhães Airport,-8.061433,-38.328888,BR,yes,SET
small_airport,Seronera Airport,-2.45806,34.822498,TZ,yes,SEU
large_airport,Seychelles International Airport,-4.67434,55.521801,SC,yes,SEZ
medium_airport,Sfax Thyna International Airport,34.717999,10.691,TN,yes,SFA
large_airport,Orlando Sanford International Airport,28.774277,-81.234626,US,yes,SFB
small_airport,St-François Airport,16.257799,-61.262501,GP,yes,SFC
medium_airport,Grand Case-l'Espérance Airport,18.100057,-63.047444,MF,yes,SFG
medium_airport,Kangerlussuaq International Airport,67.010446,-50.715294,GL,yes,SFJ
small_airport,São Filipe Airport,14.8850002289,-24.4799995422,CV,yes,SFL
medium_airport,Sauce Viejo Airport,-31.7117,-60.8117,AR,yes,SFN
large_airport,San Francisco International Airport,37.619806,-122.374821,US,yes,SFO
large_airport,Subic Bay International Airport / Naval Air Station Cubi Point,14.794833,120.271883,PH,yes,SFS
medium_airport,Skellefteå Airport,64.62480163574219,21.076900482177734,SE,yes,SFT
large_airport,Surgut International Airport,61.340501,73.405782,RU,yes,SGC
medium_airport,Sønderborg Airport,54.96440124511719,9.791729927062988,DK,yes,SGD
medium_airport,Springfield Branson National Airport,37.245047,-93.388596,US,yes,SGF
heliport,Sermiligaaq Heliport,65.90592,-36.378254,GL,yes,SGG
large_airport,Tan Son Nhat International Airport,10.8188,106.652,VN,yes,SGN
small_airport,St George Airport,-28.049699783325195,148.59500122070312,AU,yes,SGO
medium_airport,St George Regional Airport,37.036389,-113.510306,US,yes,SGU
small_airport,Skagway Airport,59.460343,-135.316651,US,yes,SGY
large_airport,Shanghai Hongqiao International Airport,31.198104,121.33426,CN,yes,SHA
medium_airport,Nakashibetsu Airport,43.5774993896,144.960006714,JP,yes,SHB
small_airport,Shire Inda Selassie Airport,14.075699,38.273592,ET,yes,SHC
medium_airport,Shenandoah Valley Regional Airport,38.263802,-78.8964,US,yes,SHD
large_airport,Shenyang Taoxian International Airport,41.6398,123.483668,CN,yes,SHE
small_airport,Shihezi Huayuan Airport,44.2421,85.8905,CN,yes,SHF
small_airport,Shungnak Airport,66.88809967041,-157.16200256348,US,yes,SHG
small_airport,Shishmaref Airport,66.249604,-166.089112,US,yes,SHH
medium_airport,Shimojishima Airport,24.8267,125.144997,JP,yes,SHI
large_airport,Sharjah International Airport,25.3286,55.5172,AE,yes,SHJ
medium_airport,Shillong Airport,25.70359992980957,91.97869873046875,IN,yes,SHL
medium_airport,Nanki Shirahama Airport,33.6622009277,135.363998413,JP,yes,SHM
large_airport,King Mswati III International Airport,-26.358611,31.716944,SZ,yes,SHO
medium_airport,Sheridan County Airport,44.76919937133789,-106.9800033569336,US,yes,SHR
medium_airport,Jingzhou Shashi Airport,30.29281,112.44854,CN,yes,SHS
medium_airport,Shreveport Regional Airport,32.446602,-93.8256,US,yes,SHV
medium_airport,Sharurah Domestic Airport,17.4669,47.121399,SA,yes,SHW
small_airport,Shinyanga Airport,-3.6093,33.5035,TZ,yes,SHY
large_airport,Amílcar Cabral International Airport,16.7414,-22.9494,CV,yes,SID
small_airport,Simara Airport,27.159803,84.980021,NP,yes,SIF
medium_airport,Fernando Luis Ribas Dominicci Airport,18.45680046081543,-66.09809875488281,PR,yes,SIG
small_airport,Silgadi Doti Airport,29.262226,80.935968,NP,yes,SIH
large_airport,Singapore Changi Airport,1.35019,103.994003,SG,yes,SIN
large_airport,Simferopol International Airport,45.0522,33.975101,UA,yes,SIP
medium_airport,Sishen Airport,-27.6486,22.9993,ZA,yes,SIS
medium_airport,Sitka Rocky Gutierrez Airport,57.04710006713867,-135.36199951171875,US,yes,SIT
large_airport,Norman Y. Mineta San Jose International Airport,37.362452,-121.929188,US,yes,SJC
large_airport,Los Cabos International Airport,23.151919,-109.720731,MX,yes,SJD
medium_airport,Jorge E. Gonzalez Torres Airport,2.57969,-72.6394,CO,yes,SJE
medium_airport,San Jose Airport,12.361499786399998,121.04699707,PH,yes,SJI
large_airport,Sarajevo International Airport,43.8246,18.331499,BA,yes,SJJ
medium_airport,Professor Urbano Ernesto Stumpf Airport,-23.2292,-45.8615,BR,yes,SJK
medium_airport,São Gabriel da Cachoeira Airport,-0.14835,-66.9855,BR,yes,SJL
large_airport,Juan Santamaría International Airport,9.99386,-84.208801,CR,yes,SJO
medium_airport,Prof. Eribelto Manoel Reino State Airport,-20.817113,-49.406963,BR,yes,SJP
medium_airport,San Angelo Regional Mathis Field,31.35770034790039,-100.49600219726562,US,yes,SJT
large_airport,Luis Munoz Marin International Airport,18.4394,-66.001801,PR,yes,SJU
large_airport,Shijiazhuang Zhengding International Airport,38.280701,114.696999,CN,yes,SJW
medium_airport,São Jorge Airport,38.665501,-28.1758,PT,yes,SJZ
large_airport,Robert L. Bradshaw International Airport,17.310845,-62.719117,KN,yes,SKB
large_airport,Samarkand International Airport,39.701842,66.981467,UZ,yes,SKD
large_airport,Thessaloniki Macedonia International Airport,40.51928,22.970009,GR,yes,SKG
small_airport,Surkhet Airport,28.586,81.636002,NP,yes,SKH
small_airport,Shaktoolik Airport,64.371101,-161.223999,US,yes,SKK
medium_airport,"Stokmarknes Airport, Skagen",68.578827,15.033417,NO,yes,SKN
large_airport,Sadiq Abubakar III International Airport,12.915729,5.207547,NG,yes,SKO
large_airport,Skopje International Airport,41.958087,21.622581,MK,yes,SKP
large_airport,Sialkot International Airport,32.535941,74.364623,PK,yes,SKT
small_airport,Skiros Airport,38.9676017761,24.4871997833,GR,yes,SKU
large_airport,Saransk International Airport,54.12513,45.212257,RU,yes,SKX
medium_airport,Begum Nusrat Bhutto International Airport Sukkur,27.722,68.791702,PK,yes,SKZ
large_airport,Martín Miguel de Güemes International Airport,-24.856001,-65.486198,AR,yes,SLA
large_airport,Salt Lake City International Airport,40.78886,-111.979866,US,yes,SLC
medium_airport,Sliač Airport,48.63779830932617,19.13409996032715,SK,yes,SLD
medium_airport,Salem-Willamette Valley Airport/McNary Field,44.9095,-123.002998,US,yes,SLE
small_airport,Sola Airport,-13.8516998291,167.537002563,VU,yes,SLH
small_airport,Solwesi Airport,-12.173700332641602,26.365100860595703,ZM,yes,SLI
medium_airport,Adirondack Regional Airport,44.38691,-74.204629,US,yes,SLK
large_airport,Salalah International Airport,17.0387,54.091301,OM,yes,SLL
medium_airport,Salamanca Airport,40.952099,-5.50199,ES,yes,SLM
medium_airport,Salina Municipal Airport,38.79100036621094,-97.6521987915039,US,yes,SLN
medium_airport,Ponciano Arriaga International Airport,22.262026,-100.935692,MX,yes,SLP
small_airport,Sleetmute Airport,61.7005,-157.166,US,yes,SLQ
medium_airport,George F. L. Charles Airport,14.0202,-60.992901,LC,yes,SLU
medium_airport,Plan de Guadalupe International Airport,25.53786,-100.928346,MX,yes,SLW
small_airport,Salt Cay Airport,21.333000183099998,-71.1999969482,TC,yes,SLX
medium_airport,Salekhard Airport,66.5907974243164,66.61100006103516,RU,yes,SLY
large_airport,Marechal Cunha Machado International Airport,-2.586386,-44.235008,BR,yes,SLZ
medium_airport,Santa Maria Airport,36.97140121459961,-25.17060089111328,PT,yes,SMA
large_airport,Sacramento International Airport,38.6954,-121.591003,US,yes,SMF
medium_airport,Samos Airport,37.689999,26.911699,GR,yes,SMI
small_airport,St Michael Airport,63.49010086,-162.1100006,US,yes,SMK
medium_airport,Stella Maris Airport,23.582317,-75.268621,BS,yes,SML
medium_airport,Lemhi County Airport,45.122233,-113.88196,US,yes,SMN
small_airport,Sampit (H.Asan) Airport,-2.499198,112.974987,ID,yes,SMQ
medium_airport,Simón Bolívar International Airport,11.1196,-74.2306,CO,yes,SMR
medium_airport,Sainte Marie Airport,-17.093901,49.8158,MG,yes,SMS
small_airport,Adolino Bedin Regional Airport,-12.479177,-55.672341,BR,yes,SMT
medium_airport,Smara Airport,26.731987,-11.683655,EH,yes,SMW
medium_airport,Santa Maria Public Airport Captain G Allan Hancock Field,34.898899,-120.457001,US,yes,SMX
large_airport,John Wayne Orange County International Airport,33.675063,-117.869281,US,yes,SNA
medium_airport,Snake Bay Airport,-11.417674,130.648481,AU,yes,SNB
large_airport,General Ulpiano Paez International Airport,-2.210057,-80.985067,EC,yes,SNC
medium_airport,Preguiça Airport,16.588852,-24.284132,CV,yes,SNE
large_airport,Shannon Airport,52.702,-8.92482,IE,yes,SNN
medium_airport,Sakon Nakhon Airport,17.195100784301758,104.11900329589844,TH,yes,SNO
medium_airport,St Paul Island Airport,57.166311,-170.222555,US,yes,SNP
medium_airport,Saint-Nazaire-Montoir Airport,47.31142,-2.152634,FR,yes,SNR
large_airport,Abel Santamaria International Airport,22.492215,-79.943119,CU,yes,SNU
medium_airport,Santa Elena de Uairén Airport,4.554699,-61.145234,VE,yes,SNV
medium_airport,Thandwe Airport,18.4606990814209,94.30010223388672,MM,yes,SNW
small_airport,Semnan Municipal Airport,35.591099,53.495098,IR,yes,SNX
medium_airport,Hévíz–Balaton Airport,46.686391,17.159084,HU,yes,SOB
large_airport,Adisoemarmo International Airport,-7.516044,110.757492,ID,yes,SOC
small_airport,Sorocaba Airport,-23.478001,-47.490002,BR,yes,SOD
large_airport,Sofia Airport,42.696357,23.417671,BG,yes,SOF
small_airport,"Sogndal Airport, Haukåsen",61.156101,7.13778,NO,yes,SOG
medium_airport,Sørkjosen Airport,69.786797,20.9594,NO,yes,SOJ
medium_airport,San Tomé Airport,8.9451465606689,-64.151084899902,VE,yes,SOM
medium_airport,Santo Pekoa International Airport,-15.505000114399998,167.220001221,VU,yes,SON
medium_airport,Domine Eduard Osok Airport,-0.894,131.287,ID,yes,SOQ
medium_airport,Southampton Airport,50.950298,-1.3568,GB,yes,SOU
small_airport,Seldovia Airport,59.442981,-151.705227,US,yes,SOV
medium_airport,Show Low Regional Airport,34.264062,-110.007091,US,yes,SOW
small_airport,Stronsay Airport,59.1553,-2.64139,GB,yes,SOY
seaplane_base,Charlotte Amalie Harbor Seaplane Base,18.338204,-64.939675,VI,yes,SPB
medium_airport,La Palma Airport,28.626499,-17.7556,ES,yes,SPC
medium_airport,Saidpur Airport,25.759199,88.908897,BD,yes,SPD
medium_airport,Abraham Lincoln Capital Airport,39.844101,-89.677902,US,yes,SPI
medium_airport,Saipan International Airport,15.119384,145.728848,MP,yes,SPN
medium_airport,Menongue Airport,-14.657600402832031,17.71980094909668,AO,yes,SPP
medium_airport,John Greif II Airport,17.9139,-87.9711,BZ,yes,SPR
medium_airport,Wichita Falls Municipal Airport / Sheppard Air Force Base,33.9888,-98.491898,US,yes,SPS
large_airport,Split Saint Jerome Airport,43.538898,16.298,HR,yes,SPU
large_airport,Sphinx International Airport,30.108179,30.895728,EG,yes,SPX
medium_airport,San Pedro Airport,4.74672,-6.66082,CI,yes,SPY
medium_airport,Shangrao Sanqingshan Airport,28.3797,117.9643,CN,yes,SQD
medium_airport,Tebelian Airport,-0.045214,111.458049,ID,yes,SQG
medium_airport,Sanming Shaxian Airport,26.4263,117.8336,CN,yes,SQJ
medium_airport,San Carlos Airport,37.51313,-122.250838,US,yes,SQL
small_airport,Luis Alberto Lehr Airport,-27.90658,-54.520628,BR,yes,SRA
large_airport,Alcantarí International Airport,-19.246835,-65.149611,BO,yes,SRE
large_airport,Jenderal Ahmad Yani Airport,-6.970732,110.373244,ID,yes,SRG
heliport,Siorapaluk Heliport,77.786517,-70.638657,GL,yes,SRK
small_airport,Palo Verde Airport,27.0927,-112.0985,MX,yes,SRL
medium_airport,"Stord Airport, Sørstokken",59.791901,5.34085,NO,yes,SRP
large_airport,Sarasota Bradenton International Airport,27.394631,-82.554359,US,yes,SRQ
medium_airport,Soroti Airport,1.7276899814605713,33.622798919677734,UG,yes,SRT
small_airport,Stony River 2 Airport,61.7897,-156.589005,US,yes,SRV
medium_airport,Sari Dasht-e Naz International Airport,36.644408,53.188761,IR,yes,SRY
medium_airport,El Trompillo Airport,-17.8115997314,-63.1715011597,BO,yes,SRZ
large_airport,Deputado Luiz Eduardo Magalhães International Airport,-12.908611,-38.322498,BR,yes,SSA
seaplane_base,Christiansted Harbor Seaplane Base,17.747908,-64.707928,VI,yes,SSB
large_airport,Malabo International Airport,3.75527,8.70872,GQ,yes,SSG
large_airport,Sharm El Sheikh International Airport,27.977272,34.394717,EG,yes,SSH
medium_airport,"Sandnessjøen Airport, Stokka",65.956802,12.4689,NO,yes,SSJ
small_airport,Sara Airport,-15.4708003998,168.151992798,VU,yes,SSR
medium_airport,Santa Teresita Airport,-36.5423,-56.7218,AR,yes,SST
small_airport,Stuart Island Airpark,48.673379,-123.175439,US,yes,SSW
medium_airport,Mbanza Congo Airport,-6.269899845123291,14.246999740600586,AO,yes,SSY
medium_airport,Saint Cloud Regional Airport,45.5466,-94.059898,US,yes,STC
medium_airport,Mayor Buenaventura Vivas International Airport,7.56538,-72.035103,VE,yes,STD
medium_airport,St George Airport,56.577345,-169.663823,US,yes,STG
large_airport,Cibao International Airport,19.40406,-70.604431,DO,yes,STI
large_airport,St. Louis Lambert International Airport,38.748697,-90.370003,US,yes,STL
medium_airport,Santarém - Maestro Wilson Fonseca International Airport,-2.422423,-54.79306,BR,yes,STM
large_airport,London Stansted Airport,51.884998,0.235,GB,yes,STN
large_airport,Stuttgart Airport,48.689899,9.22196,DE,yes,STR
medium_airport,Charles M. Schulz Sonoma County Airport,38.50899887,-122.8130035,US,yes,STS
large_airport,Cyril E. King Airport,18.337091,-64.977251,VI,yes,STT
large_airport,Surat International Airport,21.115531,72.743251,IN,yes,STV
medium_airport,Stavropol Shpakovskoye Airport,45.10919952392578,42.11280059814453,RU,yes,STW
medium_airport,Henry E. Rohlsen Airport,17.701413,-64.802608,VI,yes,STX
large_airport,Juanda International Airport,-7.37983,112.787003,ID,yes,SUB
large_airport,Lamezia Terme Sant'Eufemia International Airport,38.906214,16.246007,IT,yes,SUF
medium_airport,Surigao Airport,9.755838325629998,125.480947495,PH,yes,SUG
medium_airport,Vladislav Ardzinba Sukhum International Airport,42.8582,41.128101,GE,yes,SUI
medium_airport,Satu Mare International Airport,47.7033,22.8857,RO,yes,SUJ
small_airport,Sakkyryr Airport,67.792,130.394,RU,yes,SUK
medium_airport,Friedman Memorial Airport,43.50439835,-114.2959976,US,yes,SUN
small_airport,Summer Beaver Airport,52.70859909057617,-88.54190063476562,CA,yes,SUR
large_airport,Nausori International Airport,-18.044226,178.561486,FJ,yes,SUV
medium_airport,Sioux Gateway Airport / Brigadier General Bud Day Field,42.397605,-96.382237,US,yes,SUX
small_airport,Suntar Airport,62.185001373291,117.63500213623,RU,yes,SUY
medium_airport,Savoonga Airport,63.686401,-170.492996,US,yes,SVA
medium_airport,Sambava Airport,-14.2786,50.174702,MG,yes,SVB
medium_airport,Grant County Airport,32.636701,-108.154736,US,yes,SVC
large_airport,Argyle International Airport,13.159725,-61.148801,VC,yes,SVD
large_airport,"Stavanger Airport, Sola",58.876701,5.63778,NO,yes,SVG
medium_airport,Eduardo Falla Solano Airport,2.15217,-74.7663,CO,yes,SVI
medium_airport,"Svolvær Airport, Helle",68.243301,14.6692,NO,yes,SVJ
medium_airport,Savonlinna Airport,61.9431,28.945101,FI,yes,SVL
large_airport,Sheremetyevo International Airport,55.976858,37.41121,RU,yes,SVO
large_airport,Seville Airport,37.417999,-5.89311,ES,yes,SVQ
heliport,Savissivik Heliport,76.018613,-65.117683,GL,yes,SVR
small_airport,Stevens Village Airport,66.016727,-149.056835,US,yes,SVS
small_airport,Savusavu Airport,-16.803394,179.340587,FJ,yes,SVU
large_airport,Koltsovo Airport,56.743099212646,60.802700042725,RU,yes,SVX
medium_airport,Juan Vicente Gómez International Airport,7.840809,-72.439878,VE,yes,SVZ
large_airport,Jieyang Chaoshan International Airport,23.552,116.5033,CN,yes,SWA
medium_airport,New York Stewart International Airport,41.50421,-74.108901,US,yes,SWF
small_airport,San Vicente Airport,10.524298,119.272899,PH,yes,SWL
medium_airport,Stillwater Regional Airport,36.162132,-97.085581,US,yes,SWO
small_airport,Sultan Muhammad Kaharuddin III Airport,-8.48904,117.412003,ID,yes,SWQ
small_airport,Shakawe Airport,-18.373899459838867,21.832599639892578,BW,yes,SWX
large_airport,Strasbourg Airport,48.5383,7.62823,FR,yes,SXB
small_airport,Mathilda Batlayeri Airport,-7.848354,131.337068,ID,yes,SXK
large_airport,Princess Juliana International Airport,18.041,-63.108898,SX,yes,SXM
small_airport,Nunam Iqua Airport,62.520599,-164.848006,US,yes,SXP
large_airport,Sheikh ul Alam International Airport,33.987099,74.7742,IN,yes,SXR
seaplane_base,Seal Bay Seaplane Base,58.373291,-152.201797,US,yes,SYB
large_airport,Sydney Kingsford Smith International Airport,-33.946098,151.177002,AU,yes,SYD
seaplane_base,Silva Bay Seaplane Base,49.151,-123.698,CA,yes,SYF
small_airport,Pu'er Simao Airport,22.793301,100.959,CN,yes,SYM
medium_airport,Shonai Airport,38.812199,139.787003,JP,yes,SYO
medium_airport,Tobías Bolaños International Airport,9.95705,-84.139801,CR,yes,SYQ
large_airport,Syracuse Hancock International Airport,43.11119842529297,-76.1063003540039,US,yes,SYR
medium_airport,Saskylakh Airport,71.927902,114.080002,RU,yes,SYS
small_airport,Warraber Island Airport,-10.20829963684082,142.8249969482422,AU,yes,SYU
large_airport,Sanya Phoenix International Airport,18.3029,109.412003,CN,yes,SYX
medium_airport,Stornoway Airport,58.215599,-6.33111,GB,yes,SYY
large_airport,Shiraz Shahid Dastghaib International Airport,29.5392,52.589802,IR,yes,SYZ
medium_airport,Soyo Airport,-6.141089916229248,12.371800422668457,AO,yes,SZA
large_airport,Sultan Abdul Aziz Shah International Airport,3.13058,101.549004,MY,yes,SZB
small_airport,Semera Airport,11.7875,40.9915,ET,yes,SZE
medium_airport,Samsun-Çarşamba Airport,41.253988,36.567546,TR,yes,SZF
large_airport,Salzburg Airport,47.793301,13.0043,AT,yes,SZG
medium_airport,Shuozhou Zirun Airport,39.273241,112.691552,CN,yes,SZH
small_airport,Zaysan Airport,47.487491,84.887675,KZ,yes,SZI
medium_airport,Skukuza Airport,-24.96085,31.588587,ZA,yes,SZK
large_airport,Shenzhen Bao'an International Airport,22.639474,113.803262,CN,yes,SZX
medium_airport,Olsztyn-Mazury Airport,53.481899,20.9377,PL,yes,SZY
large_airport,Solidarity Szczecin–Goleniów Airport,53.584702,14.9022,PL,yes,SZZ
large_airport,A.N.R. Robinson International Airport,11.149571,-60.831298,TT,yes,TAB
medium_airport,Daniel Z. Romualdez Airport,11.227761,125.027783,PH,yes,TAC
large_airport,Daegu International Airport,35.894394,128.656989,KR,yes,TAE
medium_airport,Bohol-Panglao International Airport,9.573045,123.770143,PH,yes,TAG
medium_airport,Whitegrass Airport,-19.455099,169.223999,VU,yes,TAH
medium_airport,Taiz International Airport,13.686,44.139099,YE,yes,TAI
large_airport,Takamatsu Airport,34.214963,134.015454,JP,yes,TAK
small_airport,Ralph M Calhoun Memorial Airport,65.1744,-152.108994,US,yes,TAL
medium_airport,General Francisco Javier Mina International Airport,22.292622,-97.867058,MX,yes,TAM
large_airport,Qingdao Jiaodong International Airport,36.361953,120.088171,CN,yes,TAO
medium_airport,Tapachula International Airport,14.794549,-92.369871,MX,yes,TAP
large_airport,Tashkent International Airport,41.2579,69.281197,UZ,yes,TAS
medium_airport,Poprad-Tatry Airport,49.070994,20.241394,SK,yes,TAT
medium_airport,Tartu Airport,58.307438,26.686473,EE,yes,TAY
large_airport,Dashoguz International Airport,41.759853,59.836149,TM,yes,TAZ
medium_airport,Dong Tac Airport,13.0496,109.334,VN,yes,TBB
small_airport,Tabubil Airport,-5.280471,141.227576,PG,yes,TBG
medium_airport,Tugdan Airport,12.3109998703,122.084999084,PH,yes,TBH
medium_airport,New Bight Airport,24.3153,-75.452301,BS,yes,TBI
medium_airport,Tabarka-Aïn Draham International Airport,36.98,8.87694,TN,yes,TBJ
small_airport,Tumbang Samba Airport,-1.469024,113.080984,ID,yes,TBM
medium_airport,Waynesville-St. Robert Regional Airport-Forney Field,37.7416,-92.140701,US,yes,TBN
small_airport,Tabora Airport,-5.07639,32.833302,TZ,yes,TBO
medium_airport,Captain Pedro Canga Rodríguez International Airport,-3.552074,-80.381086,PE,yes,TBP
large_airport,Tbilisi International Airport,41.669201,44.9547,GE,yes,TBS
medium_airport,Tabatinga International Airport,-4.25567,-69.935799,BR,yes,TBT
large_airport,Fua'amotu International Airport,-21.241438,-175.149164,TO,yes,TBU
large_airport,Tabriz International Airport,38.1339,46.235001,IR,yes,TBZ
medium_airport,Tennant Creek Airport,-19.6343994140625,134.18299865722656,AU,yes,TCA
medium_airport,Treasure Cay Airport,26.745300293,-77.3912963867,BS,yes,TCB
small_airport,Tarapacá Airport,-2.895802,-69.749762,CO,yes,TCD
small_airport,Tacheng Qianquan Airport,46.672501,83.340797,CN,yes,TCG
medium_airport,La Florida Airport,1.81442,-78.7492,CO,yes,TCO
medium_airport,Taba International Airport,29.594496,34.775752,EG,yes,TCP
medium_airport,Coronel FAP Carlos Ciriani Santa Rosa International Airport,-18.053300857500002,-70.2758026123,PE,yes,TCQ
small_airport,Tuticorin Airport,8.724241,78.025803,IN,yes,TCR
small_airport,Takotna Airport,62.993206,-156.029026,US,yes,TCT
medium_airport,Tengchong Tuofeng Airport,24.938056,98.485833,CN,yes,TCZ
medium_airport,Teniente Av. Jorge Henrich Arauz Airport,-14.8187,-64.917999,BO,yes,TDD
medium_airport,Taldykorgan Airport,45.12255,78.442758,KZ,yes,TDK
small_airport,Sasereme Airport,-7.6217,142.868,PG,yes,TDS
medium_airport,Trat Airport,12.2746,102.319,TH,yes,TDX
medium_airport,Teterboro Airport,40.850101,-74.060799,US,yes,TEB
medium_airport,Cheikh Larbi Tébessi Airport,35.4315986633,8.12071990967,DZ,yes,TEE
small_airport,Tatitlek Airport,60.871449,-146.690297,US,yes,TEK
medium_airport,Tongren Fenghuang Airport,27.883333,109.308889,CN,yes,TEN
medium_airport,Tekirdağ Çorlu Airport,41.138199,27.9191,TR,yes,TEQ
medium_airport,Lajes Airport,38.761799,-27.090799,PT,yes,TER
large_airport,Tete Airport,-16.104799,33.640202,MZ,yes,TET
medium_airport,Telluride Regional Airport,37.9538,-107.907997,US,yes,TEX
medium_airport,Tezpur Airport,26.7091007232666,92.78469848632812,IN,yes,TEZ
medium_airport,Tefé Airport,-3.38294,-64.724098,BR,yes,TFF
small_airport,Tufi Airport,-9.07595443726,149.319839478,PG,yes,TFI
large_airport,Tenerife Norte-Ciudad de La Laguna Airport,28.482752,-16.341707,ES,yes,TFN
large_airport,Tenerife Sur Airport,28.0445,-16.5725,ES,yes,TFS
large_airport,Chengdu Tianfu International Airport,30.31252,104.441284,CN,yes,TFU
large_airport,Podgorica Airport / Podgorica Golubovci Airbase,42.359402,19.2519,ME,yes,TGD
medium_airport,Sultan Mahmud Airport,5.3826398849487305,103.10299682617188,MY,yes,TGG
small_airport,Tongoa Airport,-16.8910999298,168.550994873,VU,yes,TGH
medium_airport,Tiga Airport,-21.096407,167.80379,NC,yes,TGJ
medium_airport,Taganrog Yuzhny Airport,47.1983333,38.8491667,RU,yes,TGK
medium_airport,Târgu Mureş Transilvania International Airport,46.467701,24.4125,RO,yes,TGM
medium_airport,Tongliao Airport,43.556702,122.199997,CN,yes,TGO
small_airport,Tangará da Serra Airport,-14.662,-57.443744,BR,yes,TGQ
medium_airport,Touggourt Sidi Madhi Airport,33.067799,6.08867,DZ,yes,TGR
medium_airport,Tanga Airport,-5.09236,39.071201,TZ,yes,TGT
medium_airport,Toncontín Airport,14.0609,-87.217201,HN,yes,TGU
medium_airport,Angel Albino Corzo International Airport,16.561611,-93.025731,MX,yes,TGZ
small_airport,Tho Xuan Airport,19.901667,105.467778,VN,yes,THD
medium_airport,Senador Petrônio Portela Airport,-5.06025,-42.823712,BR,yes,THE
medium_airport,Thangool Airport,-24.494863,150.577967,AU,yes,THG
medium_airport,Tachileik Airport,20.483800888061523,99.9354019165039,MM,yes,THL
medium_airport,Trollhättan-Vänersborg Airport,58.31809997558594,12.345000267028809,SE,yes,THN
small_airport,Þórshöfn Airport,66.218459,-15.334739,IS,yes,THO
medium_airport,Tianshui Maijishan Airport,34.5601,105.860343,CN,yes,THQ
large_airport,Mehrabad International Airport,35.689175,51.314392,IR,yes,THR
medium_airport,Sukhothai Airport,17.238000869750977,99.81819915771484,TH,yes,THS
medium_airport,Pituffik Space Base,76.53063,-68.700541,GL,yes,THU
small_airport,Turukhansk Airport,65.797203,87.935303,RU,yes,THX
large_airport,Tirana International Airport Mother Teresa,41.4147,19.7206,AL,yes,TIA
small_airport,Tippi Airport,7.2024,35.415,ET,yes,TIE
large_airport,Taif International Airport,21.484739,40.544074,SA,yes,TIF
medium_airport,Tikehau Airport,-15.1196,-148.231003,PF,yes,TIH
large_airport,General Abelardo L. Rodriguez International Airport,32.541043,-116.969976,MX,yes,TIJ
medium_airport,Mozes Kilangin Airport,-4.52978,136.887388,ID,yes,TIM
medium_airport,Tindouf Airport,27.7003993988,-8.167099952700001,DZ,yes,TIN
medium_airport,Francisco Manglona Borja / Tinian International Airport,14.999207,145.619355,MP,yes,TIQ
large_airport,Tirupati International Airport,13.631988,79.539869,IN,yes,TIR
medium_airport,Timaru Airport,-44.302799224853516,171.22500610351562,NZ,yes,TIU
medium_airport,Tivat Airport,42.404701,18.723301,ME,yes,TIV
medium_airport,Tacoma Narrows Airport,47.267407,-122.577295,US,yes,TIW
small_airport,Tari Airport,-5.845,142.947998,PG,yes,TIZ
medium_airport,Capitan Oriel Lea Plaza Airport,-21.5557,-64.701302,BO,yes,TJA
medium_airport,Warukin Airport,-2.21656,115.435997,ID,yes,TJG
medium_airport,Konotori Tajima Airport,35.512798,134.787003,JP,yes,TJH
medium_airport,Tokat Airport,40.32472,36.39056,TR,yes,TJK
small_airport,Plínio Alarcom Airport,-20.752643,-51.682026,BR,yes,TJL
large_airport,Roshchino International Airport,57.178984,65.327696,RU,yes,TJM
small_airport,H A S Hanandjoeddin International Airport,-2.744109,107.754535,ID,yes,TJQ
small_airport,Tanjung Harapan Airport,2.835833,117.373611,ID,yes,TJS
large_airport,Kulob International Airport,37.988098,69.805,TJ,yes,TJU
medium_airport,Takoradi Airport,4.896059989929199,-1.7747600078582764,GH,yes,TKD
seaplane_base,Tenakee Seaplane Base,57.779701,-135.218002,US,yes,TKE
medium_airport,Truckee Tahoe Airport,39.318628,-120.140562,US,yes,TKF
medium_airport,Radin Inten II International Airport,-5.246803,105.182531,ID,yes,TKG
small_airport,Tok Junction Airport,63.32949829,-142.9539948,US,yes,TKJ
large_airport,Chuuk International Airport,7.46187,151.843002,FM,yes,TKK
small_airport,Taksimo Airport,56.361668,114.93,RU,yes,TKM
medium_airport,Tokunoshima Airport,27.836382,128.881356,JP,yes,TKN
medium_airport,Takapoto Airport,-14.709500312805176,-145.24600219726562,PF,yes,TKP
small_airport,Kigoma Airport,-4.8862,29.6709,TZ,yes,TKQ
large_airport,Tokushima Awaodori Airport / JMSDF Tokushima Air Base,34.132559,134.607816,JP,yes,TKS
large_airport,Turku Airport,60.514099,22.2628,FI,yes,TKU
small_airport,Tatakoto Airport,-17.355226,-138.44734,PF,yes,TKV
medium_airport,Takaroa Airport,-14.45580005645752,-145.02499389648438,PF,yes,TKX
small_airport,Teller Airport,65.240402,-166.339005,US,yes,TLA
large_airport,Adolfo López Mateos International Airport,19.3369,-99.56583,MX,yes,TLC
medium_airport,Toliara Airport,-23.3834,43.7285,MG,yes,TLE
medium_airport,Tallahassee International Airport,30.401209,-84.35433,US,yes,TLH
small_airport,Sultan Bantilan Airport,1.123428,120.793658,ID,yes,TLI
large_airport,Lennart Meri Tallinn Airport,59.413246,24.83264,EE,yes,TLL
large_airport,Zenata – Messali El Hadj Airport,35.012732,-1.457117,DZ,yes,TLM
medium_airport,Toulon-Hyères Airport,43.097301,6.14603,FR,yes,TLN
medium_airport,Turpan Jiaohe Airport,43.0308,89.0987,CN,yes,TLQ
large_airport,Toulouse-Blagnac Airport,43.629101,1.36382,FR,yes,TLS
small_airport,Tuluksak Airport,61.086973,-160.922842,US,yes,TLT
small_airport,Golfo de Morrosquillo Airport,9.50945,-75.5854,CO,yes,TLU
large_airport,Ben Gurion International Airport,32.011398,34.8867,IL,yes,TLV
small_airport,Plastun Airport,44.814999,136.292007,RU,yes,TLY
small_airport,Tambolaka Airport,-9.409224,119.242558,ID,yes,TMC
medium_airport,Gustavo Vargas Airport,6.45108,-71.7603,CO,yes,TME
small_airport,Thimarafushi Airport,2.211,73.1533,MV,yes,TMF
small_airport,Tomanggong Airport,5.40257,118.65763,MY,yes,TMG
medium_airport,Tanah Merah Airport,-6.09669,140.303521,ID,yes,TMH
small_airport,Tumling Tar Airport,27.315001,87.193298,NP,yes,TMI
medium_airport,Termez Airport,37.287261,67.311869,UZ,yes,TMJ
large_airport,Yakubu Tali International Airport,9.553909,-0.86606,GH,yes,TML
large_airport,Toamasina Ambalamanasy Airport,-18.113537,49.392262,MG,yes,TMM
large_airport,Tampere-Pirkkala Airport,61.414101,23.604401,FI,yes,TMP
large_airport,Aguenar – Hadj Bey Akhamok Airport,22.810992,5.450832,DZ,yes,TMR
large_airport,São Tomé International Airport,0.378175,6.71215,ST,yes,TMS
medium_airport,Trombetas Airport,-1.4896,-56.396801,BR,yes,TMT
medium_airport,Tamworth Airport,-31.077898,150.845484,AU,yes,TMW
medium_airport,Timimoun Airport,29.237101,0.276033,DZ,yes,TMX
large_airport,Jinan Yaoqiang International Airport,36.857201,117.216003,CN,yes,TNA
small_airport,Tin City Long Range Radar Station Airport,65.563103,-167.921997,US,yes,TNC
medium_airport,Alberto Delgado Airport,21.7883,-79.9972,CU,yes,TND
medium_airport,New Tanegashima Airport,30.605100631699997,130.990997314,JP,yes,TNE
large_airport,Tangier Ibn Battuta Airport,35.731741,-5.921459,MA,yes,TNG
medium_airport,Tonghua Sanyuanpu Airport,42.048435,125.733963,CN,yes,TNH
medium_airport,Raja Haji Fisabilillah International Airport,0.92397,104.53341,ID,yes,TNJ
small_airport,Tununak Airport,60.569638,-165.246649,US,yes,TNK
small_airport,Teniente Rodolfo Marsh Martin Airport,-62.191026,-58.98669,AQ,yes,TNM
large_airport,Tainan International Airport / Tainan Air Base,22.950399,120.206001,TW,yes,TNN
large_airport,Ivato International Airport,-18.7969,47.478802,MG,yes,TNR
medium_airport,Tioman Airport,2.81818,104.160004,MY,yes,TOD
medium_airport,Tozeur Nefta International Airport,33.939701080322266,8.110560417175293,TN,yes,TOE
large_airport,Tomsk Kamov Airport,56.380299,85.208298,RU,yes,TOF
small_airport,Togiak Airport,59.052799,-160.397003,US,yes,TOG
medium_airport,Eugene F. Kranz Toledo Express Airport,41.5868,-83.8078,US,yes,TOL
large_airport,Tombouktou Airport,16.730499,-3.00758,ML,yes,TOM
large_airport,Tromsø Airport,69.683296,18.9189,NO,yes,TOS
medium_airport,Touho Airport,-20.790127,165.259524,NC,yes,TOU
small_airport,Toledo - Luiz Dalcanale Filho Municipal Airport,-24.6863,-53.697498,BR,yes,TOW
medium_airport,Toyama Kitokito Airport,36.648416,137.187359,JP,yes,TOY
large_airport,Tampa International Airport,27.9755,-82.533203,US,yes,TPA
large_airport,Taiwan Taoyuan International Airport,25.0777,121.233002,TW,yes,TPE
small_airport,Tapini Airport,-8.35666666667,146.989166667,PG,yes,TPI
medium_airport,Taplejung Airport,27.3509,87.69525,NP,yes,TPJ
medium_airport,Cadete FAP Guillermo Del Castillo Paredes Airport,-6.508739948272705,-76.37319946289062,PE,yes,TPP
medium_airport,Amado Nervo National Airport,21.419833,-104.842472,MX,yes,TPQ
medium_airport,Vincenzo Florio Airport Trapani-Birgi,37.9114,12.488,IT,yes,TPS
heliport,Tasiusaq Heliport,73.373055,-56.06028,GL,yes,TQA
heliport,Tiniteqilaaq Heliport,65.892027,-37.783409,GL,yes,TQI
large_airport,Felipe Carrillo Puerto International Airport Tulum,20.172098,-87.660272,MX,yes,TQO
heliport,San Domino Island Heliport,42.117775,15.490655,IT,yes,TQR
medium_airport,Tarama Airport,24.653793,124.675453,JP,yes,TRA
medium_airport,Francisco Sarabia Tinoco International Airport,25.562265,-103.404608,MX,yes,TRC
large_airport,"Trondheim Airport, Værnes",63.457802,10.924,NO,yes,TRD
medium_airport,Tiree Airport,56.499199,-6.86917,GB,yes,TRE
large_airport,"Sandefjord Airport, Torp",59.186699,10.2586,NO,yes,TRF
medium_airport,Tauranga Airport,-37.67190170288086,176.1959991455078,NZ,yes,TRG
medium_airport,Tri-Cities Regional TN/VA Airport,36.475201,-82.407401,US,yes,TRI
medium_airport,Juwata International Airport / Suharnoko Harbani AFB,3.325145,117.564169,ID,yes,TRK
large_airport,Turin Airport,45.200802,7.64963,IT,yes,TRN
medium_airport,China Bay Airport,8.539159,81.18128,LK,yes,TRR
large_airport,Trieste Airport,45.827862,13.466672,IT,yes,TRS
medium_airport,Toraja Airport,-3.185833,119.91775,ID,yes,TRT
large_airport,Capitán FAP Carlos Martínez de Pinillos International Airport,-8.082382,-79.108821,PE,yes,TRU
large_airport,Thiruvananthapuram International Airport,8.481889,76.920029,IN,yes,TRV
large_airport,Bonriki International Airport,1.38164,173.147003,KI,yes,TRW
large_airport,Tiruchirappalli International Airport,10.762915,78.717741,IN,yes,TRZ
large_airport,Taipei Songshan International Airport,25.067244,121.552822,TW,yes,TSA
large_airport,Treviso Airport,45.648399,12.1944,IT,yes,TSF
medium_airport,Tsushima Airport,34.2849006653,129.330993652,JP,yes,TSJ
medium_airport,Taos Regional Airport,36.452494,-105.67749,US,yes,TSM
large_airport,Tianjin Binhai International Airport,39.124401092499994,117.346000671,CN,yes,TSN
large_airport,Timișoara Traian Vuia International Airport,45.809898,21.3379,RO,yes,TSR
heliport,East 34th Street Heliport,40.742372,-73.972074,US,yes,TSS
medium_airport,Trang Airport,7.50874,99.6166,TH,yes,TST
medium_airport,Townsville Airport / RAAF Base Townsville,-19.252904,146.766512,AU,yes,TSV
medium_airport,Tan Tan Airport,28.447563,-11.161749,MA,yes,TTA
medium_airport,Sultan Babullah Airport,0.831012,127.381611,ID,yes,TTE
medium_airport,Tottori Sand Dunes Conan Airport,35.530058,134.165023,JP,yes,TTJ
medium_airport,Trenton Mercer Airport,40.276699,-74.813499,US,yes,TTN
small_airport,Tsaratanana Airport,-16.751064,47.619016,MG,yes,TTS
medium_airport,Taitung Airport,22.754856,121.101794,TW,yes,TTT
large_airport,Sania Ramel Airport,35.594299,-5.32002,MA,yes,TTU
seaplane_base,Tissa Tank Waterdrome,6.2876,81.2906,LK,yes,TTW
medium_airport,Lieutenant Colonel Luis A. Mantilla International Airport,0.809506,-77.708099,EC,yes,TUA
medium_airport,Tubuai Airport,-23.365400314331055,-149.5240020751953,PF,yes,TUB
large_airport,Teniente Benjamín Matienzo International Airport,-26.837397,-65.104195,AR,yes,TUC
medium_airport,Tours Val de Loire Airport,47.432201,0.727606,FR,yes,TUF
medium_airport,Tuguegarao Airport,17.6433676823,121.733150482,PH,yes,TUG
medium_airport,Turaif Domestic Airport,31.692188,38.731544,SA,yes,TUI
large_airport,Turbat International Airport,25.984767,63.028856,PK,yes,TUK
large_airport,Tulsa International Airport,36.197084,-95.886225,US,yes,TUL
large_airport,Tunis Carthage International Airport,36.851002,10.2272,TN,yes,TUN
medium_airport,Taupo Airport,-38.73970031738281,176.08399963378906,NZ,yes,TUO
medium_airport,Tupelo Regional Airport,34.26810073852539,-88.7698974609375,US,yes,TUP
medium_airport,Tucuruí Airport,-3.78601,-49.720299,BR,yes,TUR
large_airport,Tucson International Airport,32.115004,-110.938053,US,yes,TUS
large_airport,Prince Sultan bin Abdulaziz International Airport,28.3711,36.624865,SA,yes,TUU
medium_airport,Cherry Capital Airport,44.741402,-85.582199,US,yes,TVC
medium_airport,Thief River Falls Regional Airport,48.065701,-96.184998,US,yes,TVF
small_airport,Tangshan Sannühe Airport,39.7178,118.002625,CN,yes,TVS
medium_airport,Tashkent-Khumo International Airport,41.312889,69.395535,UZ,yes,TVT
small_airport,Matei Airport,-16.690599,-179.876999,FJ,yes,TVU
medium_airport,Dawei Airport,14.1039,98.203598,MM,yes,TVY
small_airport,Twin Hills Airport,59.074713,-160.274992,US,yes,TWA
small_airport,Tumxuk Tangwangcheng Airport,39.886663,79.233408,CN,yes,TWC
medium_airport,Joslin Field Magic Valley Regional Airport,42.4818,-114.487999,US,yes,TWF
medium_airport,Sanga Sanga Airport,5.048196,119.743338,PH,yes,TWT
medium_airport,Tawau Airport,4.31338,118.12152,MY,yes,TWU
medium_airport,Rembele Airport,4.72113,96.851943,ID,yes,TXE
medium_airport,Texarkana Regional Airport (Webb Field),33.453701,-93.990997,US,yes,TXK
large_airport,Huangshan Tunxi International Airport,29.733299,118.255997,CN,yes,TXN
medium_airport,Torsby Airport,60.1576,12.9913,SE,yes,TYF
medium_airport,Captain Victor Montes Arias International Airport,-4.57664,-81.254097,PE,yes,TYL
large_airport,Taiyuan Wusu International Airport,37.746899,112.627998,CN,yes,TYN
medium_airport,Tyler Pounds Regional Airport,32.35409927368164,-95.40239715576172,US,yes,TYR
large_airport,McGhee Tyson Airport,35.811001,-83.994003,US,yes,TYS
medium_airport,Sir Barry Bowen Municipal Airport,17.517239,-88.195775,BZ,yes,TZA
large_airport,Tuzla International Airport,44.459858,18.723627,BA,yes,TZL
medium_airport,Congo Town Airport,24.158701,-77.589798,BS,yes,TZN
medium_airport,Trabzon International Airport,40.995098,39.7897,TR,yes,TZX
small_airport,Ua Huka Airport,-8.936228,-139.554062,PF,yes,UAH
medium_airport,"Commander in Chief of FALINTIL, Kay Rala Xanana Gusmão, International Airport",-9.301856,125.286302,TL,yes,UAI
heliport,Narsarsuaq Airport,61.15958,-45.42469,GL,yes,UAK
small_airport,Ua Pou Airport,-9.35167,-140.078003,PF,yes,UAP
medium_airport,Domingo Faustino Sarmiento Airport,-31.571501,-68.418198,AR,yes,UAQ
medium_airport,Mário de Almeida Franco Airport,-19.765036,-47.964805,BR,yes,UBA
small_airport,Mabuiag Island Airport,-9.950168,142.19523,AU,yes,UBB
medium_airport,Yamaguchi Ube Airport,33.93,131.279007,JP,yes,UBJ
large_airport,Ulaanbaatar Chinggis Khaan International Airport,47.646916,106.819833,MN,yes,UBN
medium_airport,Ubon Ratchathani Airport,15.2512998581,104.870002747,TH,yes,UBP
medium_airport,Ulanqab Jining Airport,41.130266,113.107274,CN,yes,UCB
medium_airport,Ukhta Airport,63.566898,53.804699,RU,yes,UCT
medium_airport,Ten. Cel. Aviador César Bombonato Airport,-18.883579,-48.225936,BR,yes,UDI
large_airport,Uzhhorod International Airport,48.6343,22.263399,UA,yes,UDJ
medium_airport,Maharana Pratap Airport,24.617700576799997,73.89610290530001,IN,yes,UDR
medium_airport,Quelimane Airport,-17.855499267578125,36.86909866333008,MZ,yes,UEL
medium_airport,Kumejima Airport,26.363445,126.71384,JP,yes,UEO
large_airport,Quetta International Airport,30.2514,66.937798,PK,yes,UET
large_airport,Ufa International Airport,54.557498931885,55.874401092529,RU,yes,UFA
medium_airport,Bulgan Airport,48.85499954223633,103.47599792480469,MN,yes,UGA
large_airport,Urgench International Airport,41.58274,60.64338,UZ,yes,UGC
seaplane_base,San Juan /Uganik/ Seaplane Base,57.7304,-153.320999,US,yes,UGI
medium_airport,Bilorai Airport,-3.739503,137.031183,ID,yes,UGU
medium_airport,El Caraño Airport,5.69076,-76.6412,CO,yes,UIB
medium_airport,Phu Cat Airport,13.955,109.042,VN,yes,UIH
small_airport,Utila Airport,16.1131,-86.880302,HN,yes,UII
medium_airport,Quincy Regional Airport Baldwin Field,39.942699,-91.194603,US,yes,UIN
large_airport,Mariscal Sucre International Airport,-0.125399,-78.354306,EC,yes,UIO
small_airport,Jaluit Airport,5.909213,169.637256,MH,yes,UIT
small_airport,Ujae Atoll Airport,8.92806,165.761993,MH,yes,UJE
large_airport,Kobe Airport,34.632801,135.223999,JP,yes,UKB
medium_airport,Utkela Airport,20.097778,83.183333,IN,yes,UKE
small_airport,Ust-Kuyga Airport,70.011002,135.645004,RU,yes,UKG
large_airport,Oskemen International Airport,50.035033,82.496057,KZ,yes,UKK
medium_airport,Ust-Kut Airport,56.856701,105.730003,RU,yes,UKX
medium_airport,Ölgii Mongolei International Airport,48.993301,89.922501,MN,yes,ULG
large_airport,Al-Ula International Airport,26.483634,38.117048,SA,yes,ULH
medium_airport,Lensk Airport,60.7206001282,114.825996399,RU,yes,ULK
medium_airport,Ulaangom Airport,50.066588,91.938273,MN,yes,ULO
medium_airport,Quilpie Airport,-26.609176,144.253746,AU,yes,ULP
medium_airport,Gulu Airport,2.8055601119995117,32.27180099487305,UG,yes,ULU
medium_airport,Ulyanovsk Baratayevka Airport,54.27016,48.225569,RU,yes,ULV
medium_airport,Ulyanovsk Vostochny Airport,54.401001,48.8027,RU,yes,ULY
small_airport,Donoi Airport,47.7093,96.5258,MN,yes,ULZ
heliport,Uummannaq Heliport,70.680428,-52.11163,GL,yes,UMD
large_airport,Umeå Airport,63.791801,20.282801,SE,yes,UME
small_airport,Ust-Maya Airport,60.356998443604,134.43499755859,RU,yes,UMS
small_airport,Orlando de Carvalho Airport,-23.7987,-53.313801,BR,yes,UMU
small_airport,Una-Comandatuba Airport,-15.354358,-38.998729,BR,yes,UNA
small_airport,Kiunga Airport,-6.1257100105285645,141.28199768066406,PG,yes,UNG
medium_airport,Union Island International Airport,12.600135,-61.411945,VC,yes,UNI
medium_airport,Unalakleet Airport,63.888401,-160.798996,US,yes,UNK
medium_airport,Ranong Airport,9.77762,98.585503,TH,yes,UNN
small_airport,Buol - Pogogul Airport,1.102318,121.413358,ID,yes,UOL
large_airport,Sultan Hasanuddin International Airport,-5.075539,119.553702,ID,yes,UPG
medium_airport,Uruapan - Licenciado y General Ignacio Lopez Rayon International Airport,19.3967,-102.039001,MX,yes,UPN
large_airport,Manshuk Mametova International Airport,51.151976,51.543652,KZ,yes,URA
large_airport,Ürümqi Tianshan International Airport,43.913584,87.479372,CN,yes,URC
medium_airport,Kuressaare Airport,58.22990036010742,22.50950050354004,EE,yes,URE
medium_airport,Rubem Berta Airport,-29.7822,-57.0382,BR,yes,URG
medium_airport,Uray Airport,60.103298,64.826698,RU,yes,URJ
medium_airport,Kursk East Airport,51.7505989074707,36.29560089111328,RU,yes,URS
medium_airport,Surat Thani Airport,9.13259983063,99.135597229,TH,yes,URT
medium_airport,Gurayat Domestic Airport,31.412413,37.278898,SA,yes,URY
medium_airport,Concord-Padgett Regional Airport,35.387798,-80.709099,US,yes,USA
medium_airport,Ushuaia - Malvinas Argentinas International Airport,-54.8433,-68.2958,AR,yes,USH
small_airport,Usharal Airport,46.190767,80.830922,KZ,yes,USJ
medium_airport,Usinsk Airport,66.0047,57.367199,RU,yes,USK
large_airport,Samui International Airport,9.54779,100.061996,TH,yes,USM
medium_airport,Ulsan Airport,35.59349823,129.352005005,KR,yes,USN
medium_airport,Ust-Nera Airport,64.550003,143.115005,RU,yes,USR
medium_airport,Northeast Florida Regional Airport,29.9592,-81.339798,US,yes,UST
medium_airport,Francisco B. Reyes (Busuanga) Airport,12.121865,120.100801,PH,yes,USU
large_airport,Udon Thani International Airport,17.386186,102.788577,TH,yes,UTH
small_airport,Utirik Airport,11.222219,169.851429,MH,yes,UTK
medium_airport,Upington Airport,-28.400246,21.263592,ZA,yes,UTN
medium_airport,Indian Mountain LRRS Airport,65.992798,-153.703995,US,yes,UTO
large_airport,U-Tapao–Rayong–Pattaya International Airport,12.6799,101.004997,TH,yes,UTP
medium_airport,K. D. Matanzima Airport,-31.546363184900002,28.6733551025,ZA,yes,UTT
medium_airport,Bugulma Airport,54.641184,52.800229,RU,yes,UUA
large_airport,Baikal International Airport,51.808614,107.439652,RU,yes,UUD
large_airport,Yuzhno-Sakhalinsk International Airport,46.885461,142.717466,RU,yes,UUS
medium_airport,Ouvéa Airport,-20.640932,166.573024,NC,yes,UVE
large_airport,Hewanorra International Airport,13.7332,-60.952599,LC,yes,UVF
small_airport,José Cleto Airport,-26.233224,-51.066754,BR,yes,UVI
medium_airport,Nyala Airport,12.0535,24.9562,SD,yes,UYL
medium_airport,Yulin Yuyang Airport,38.35971,109.590927,CN,yes,UYN
large_airport,Joya Andina International Airport,-20.441304,-66.857553,BO,yes,UYU
small_airport,Urzhar Airport,47.091786,81.668216,KZ,yes,UZR
large_airport,Vaasa Airport,63.05023,21.762543,FI,yes,VAA
medium_airport,Vanimo Airport,-2.6926,141.3028,PG,yes,VAI
small_airport,Chevak Airport,61.5409,-165.6005,US,yes,VAK
small_airport,Valença Airport,-13.2965,-38.992401,BR,yes,VAL
medium_airport,Villa International Airport Maamigili,3.471751,72.832633,MV,yes,VAM
medium_airport,Van Ferit Melen Airport,38.46820068359375,43.332298278808594,TR,yes,VAN
small_airport,Suavanao Airport,-7.58556,158.731003,SB,yes,VAO
medium_airport,Vanavara Airport,60.356229,102.309641,RU,yes,VAQ
large_airport,Varna Airport,43.232101,27.8251,BG,yes,VAR
small_airport,Sivas Nuri Demirağ Airport,39.813801,36.9035,TR,yes,VAS
large_airport,Vava'u International Airport,-18.5853,-173.962006,TO,yes,VAV
medium_airport,"Vardø Airport, Svartnes",70.3554,31.044901,NO,yes,VAW
medium_airport,Brescia Gabriele d'Annunzio Airport,45.428902,10.3306,IT,yes,VBS
small_airport,Vanua Balavu Airport,-17.268999099731445,-178.9759979248047,FJ,yes,VBV
large_airport,Visby Airport,57.6628,18.346201,SE,yes,VBY
large_airport,Can Tho International Airport,10.083397,105.709371,VN,yes,VCA
large_airport,Venice Marco Polo Airport,45.505299,12.3519,IT,yes,VCE
small_airport,Chu Lai Airport,15.4033,108.706001,VN,yes,VCL
large_airport,Viracopos International Airport,-23.007404,-47.134502,BR,yes,VCP
medium_airport,Con Dao Airport,8.73183,106.633003,VN,yes,VCS
medium_airport,Victoria Regional Airport,28.85260009765625,-96.91850280761719,US,yes,VCT
medium_airport,Glauber de Andrade Rocha Airport,-14.907885,-40.914804,BR,yes,VDC
medium_airport,El Hierro Airport,27.8148,-17.8871,ES,yes,VDE
medium_airport,Dong Hoi Airport,17.515,106.590556,VN,yes,VDH
medium_airport,Gobernador Castello Airport,-40.8692,-63.0004,AR,yes,VDM
medium_airport,Van Don International Airport,21.120693,107.41539,VN,yes,VDO
medium_airport,Vadsø Airport,70.0653,29.8447,NO,yes,VDS
medium_airport,Valdez Pioneer Field,61.132712,-146.246567,US,yes,VDZ
small_airport,Venetie Airport,67.008698,-146.365997,US,yes,VEE
medium_airport,Vernal Regional Airport,40.436214,-109.511661,US,yes,VEL
medium_airport,Severo-Yeniseysk Airport,60.373299,93.011703,RU,yes,VEO
large_airport,General Heriberto Jara International Airport,19.139589,-96.188602,MX,yes,VER
large_airport,Victoria Falls International Airport,-18.097437,25.836867,ZW,yes,VFA
large_airport,Vijayawada International Airport,16.530011,80.804888,IN,yes,VGA
medium_airport,Vigo Airport,42.2318,-8.62677,ES,yes,VGO
medium_airport,Vilhelmina South Lapland Airport,64.579102,16.833599,SE,yes,VHM
small_airport,Verkhnevilyuisk Airport,63.458057403564,120.26916503906,RU,yes,VHV
large_airport,Vienna International Airport,48.110298,16.5697,AT,yes,VIE
medium_airport,Juan Pablo Pérez Alfonso Airport,8.624139,-71.672668,VE,yes,VIG
medium_airport,Vinh Airport,18.7376003265,105.67099762,VN,yes,VII
medium_airport,Virgin Gorda Airport,18.446634,-64.427932,VG,yes,VIJ
large_airport,Dakhla Airport,23.7183,-15.932,EH,yes,VIL
medium_airport,Vitoria Airport,42.882801,-2.72447,ES,yes,VIT
large_airport,Eurico de Aguiar Salles International Airport,-20.258,-40.285,BR,yes,VIX
small_airport,Xai-Xai Chongoene Airport,-24.892909,33.753024,MZ,yes,VJB
medium_airport,Rach Gia Airport,9.95802997234,105.132379532,VN,yes,VKG
large_airport,Vnukovo International Airport,55.591499,37.261501,RU,yes,VKO
medium_airport,Vorkuta Airport,67.488602,63.993099,RU,yes,VKT
large_airport,Valencia Airport,39.489162,-0.480961,ES,yes,VLC
medium_airport,Valdosta Regional Airport,30.782499313354492,-83.27670288085938,US,yes,VLD
large_airport,Bauerfield International Airport,-17.699301,168.320007,VU,yes,VLI
medium_airport,Valladolid Airport,41.7061,-4.85194,ES,yes,VLL
large_airport,Arturo Michelena International Airport,10.149733,-67.928398,VE,yes,VLN
small_airport,Valesdir Airport,-16.796100616500002,168.177001953,VU,yes,VLS
medium_airport,Dr. Antonio Nicolás Briceño Airport,9.340478,-70.584061,VE,yes,VLV
medium_airport,Baimuru Airport,-7.496955,144.821756,PG,yes,VMU
large_airport,Vilnius International Airport,54.634102,25.285801,LT,yes,VNO
large_airport,Lal Bahadur Shastri International Airport,25.452171,82.862549,IN,yes,VNS
medium_airport,Vilankulo Airport,-22.018400192260742,35.31330108642578,MZ,yes,VNX
large_airport,Volgograd International Airport,48.78134,44.339194,RU,yes,VOG
medium_airport,Nea Anchialos National Airport,39.219601,22.7943,GR,yes,VOL
medium_airport,Voronezh International Airport,51.814324,39.230948,RU,yes,VOZ
medium_airport,Ngjiva Pereira Airport,-17.0435009003,15.683799743700002,AO,yes,VPE
medium_airport,Vopnafjörður Airport,65.720596,-14.8506,IS,yes,VPN
medium_airport,Destin-Fort Walton Beach Airport,30.481315,-86.515839,US,yes,VPS
medium_airport,Chimoio Airport,-19.15130043029785,33.42900085449219,MZ,yes,VPY
medium_airport,Antonio Rivera Rodriguez Airport,18.1348,-65.493599,PR,yes,VQS
large_airport,Juan Gualberto Gomez International Airport,23.034401,-81.435303,CU,yes,VRA
medium_airport,Vero Beach Regional Airport,27.6556,-80.417901,US,yes,VRB
medium_airport,Virac Airport,13.576399803161621,124.20600128173828,PH,yes,VRC
medium_airport,Vila Real Airport,41.2743,-7.72047,PT,yes,VRL
large_airport,Verona Villafranca Valerio Catullo Airport,45.394955,10.887303,IT,yes,VRN
heliport,Værøy Heliport,67.654555,12.727257,NO,yes,VRY
large_airport,Carlos Rovirosa Pérez International Airport,17.994283,-92.818199,MX,yes,VSA
medium_airport,Aerodromo Goncalves Lobato (Viseu Airport),40.725498,-7.88899,PT,yes,VSE
large_airport,Stockholm Västerås Airport,59.589401,16.6336,SE,yes,VST
small_airport,Shravasti Airport,27.499732,82.032927,IN,yes,VSV
large_airport,Wattay International Airport,17.985052,102.566692,LA,yes,VTE
medium_airport,Hermanos Ameijeiras Airport,20.9876,-76.935799,CU,yes,VTU
large_airport,Visakhapatnam International Airport,17.723506,83.227729,IN,yes,VTZ
medium_airport,Alfonso López Pumarejo Airport,10.435,-73.2495,CO,yes,VUP
medium_airport,Velikiy Ustyug Airport,60.7883,46.259998,RU,yes,VUS
medium_airport,Vanguardia Airport,4.16787,-73.6138,CO,yes,VVC
large_airport,Viru Viru International Airport,-17.6448,-63.135399,BO,yes,VVI
large_airport,Vladivostok International Airport,43.396256,132.148155,RU,yes,VVO
medium_airport,Illizi Takhamalt Airport,26.723499,8.62265,DZ,yes,VVZ
medium_airport,Lichinga Airport,-13.274,35.2663,MZ,yes,VXC
large_airport,Cesaria Evora International Airport,16.833363,-25.055308,CV,yes,VXE
medium_airport,Växjö Kronoberg Airport,56.929100036621094,14.727999687194824,SE,yes,VXO
medium_airport,Vilyuisk Airport,63.756668,121.693336,RU,yes,VYI
small_airport,Wales Airport,65.622593,-168.095,US,yes,WAA
medium_airport,Wadi Al Dawasir Domestic Airport,20.504299,45.1996,SA,yes,WAE
medium_airport,Wanganui Airport,-39.963467,175.02444,NZ,yes,WAG
large_airport,Warsaw Chopin Airport,52.165699,20.9671,PL,yes,WAW
small_airport,Stebbins Airport,63.515999,-162.278,US,yes,WBB
medium_airport,Wapenamanda Airport,-5.635293,143.892231,PG,yes,WBM
small_airport,Beaver Airport,66.362198,-147.406998,US,yes,WBQ
large_airport,Hosea Kutako International Airport,-22.4799,17.4709,NA,yes,WDH
small_airport,Waldron Airstrip,48.71141,-123.018208,US,yes,WDN
medium_airport,Shiyan Wudangshan Airport,32.592889,110.906296,CN,yes,WDS
medium_airport,Weifang Nanyuan Airport,36.646702,119.119003,CN,yes,WEF
medium_airport,Weihai Dashuibo Airport,37.187099,122.228996,CN,yes,WEH
medium_airport,Weipa Airport,-12.677493,141.922618,AU,yes,WEI
seaplane_base,Ketchikan Harbor Seaplane Base,55.349899,-131.677002,US,yes,WFB
medium_airport,Wagga Wagga Airport,-35.163484,147.46832,AU,yes,WGA
medium_airport,Walgett Airport,-30.032801,148.126007,AU,yes,WGE
medium_airport,Shaoyang Wugang Airport,26.806123,110.641042,CN,yes,WGN
small_airport,Umbu Mehang Kunda Airport,-9.66922,120.302002,ID,yes,WGP
medium_airport,Wuhu Xuanzhou Airport,31.1045,118.66687,CN,yes,WHA
seaplane_base,Hyder Seaplane Base,55.903324,-130.009975,US,yes,WHD
medium_airport,Whakatāne Airport,-37.922224,176.91696,NZ,yes,WHK
medium_airport,Wick John O'Groats Airport,58.4589,-3.09306,GB,yes,WIC
medium_airport,Nairobi Wilson Airport,-1.32172,36.8148,KE,yes,WIL
medium_airport,Winton Airport,-22.36359977722168,143.08599853515625,AU,yes,WIN
medium_airport,Wajir Airport,1.73324,40.091599,KE,yes,WJR
medium_airport,Wonju Airport / Hoengseong Air Base (K-38/K-46),37.437113,127.960051,KR,yes,WJU
medium_airport,Wanaka Airport,-44.722091,169.246287,NZ,yes,WKA
medium_airport,Wakkanai Airport,45.4042015076,141.800994873,JP,yes,WKJ
medium_airport,Aleknagik / New Airport,59.2826004028,-158.617996216,US,yes,WKK
large_airport,Wellington International Airport,-41.326839,174.806862,NZ,yes,WLG
small_airport,Walaha Airport,-15.412,167.690994,VU,yes,WLH
small_airport,Selawik Airport,66.600098,-159.985992,US,yes,WLK
large_airport,Hihifo Airport,-13.239445,-176.19865,WF,yes,WLS
large_airport,Warsaw Modlin Airport,52.451099,20.6518,PL,yes,WMI
medium_airport,Maroantsetra Airport,-15.437742,49.689081,MG,yes,WMN
small_airport,White Mountain Airport,64.689201,-163.412994,US,yes,WMO
medium_airport,Zunyi Maotai Airport,27.961837,106.435416,CN,yes,WMT
medium_airport,Wamena Airport,-4.097324,138.952417,ID,yes,WMX
small_airport,Napakiak Airport,60.6903,-161.979004,US,yes,WNA
small_airport,Wenshan Puzhehei Airport,23.5583,104.3255,CN,yes,WNH
medium_airport,Matahora Airport,-5.292123,123.636233,ID,yes,WNI
small_airport,Wunnumin Lake Airport,52.893902,-89.2892,CA,yes,WNN
medium_airport,Naga Airport,13.58489990234375,123.2699966430664,PH,yes,WNP
medium_airport,Windorah Airport,-25.410641,142.668428,AU,yes,WNR
medium_airport,Shaheed Benazirabad Airport,26.2194,68.390099,PK,yes,WNS
large_airport,Wenzhou Longwan International Airport,27.910572,120.853465,CN,yes,WNZ
medium_airport,Shellharbour Airport,-34.5611,150.789001,AU,yes,WOL
medium_airport,Wonsan Kalma Airport,39.165219,127.487931,KP,yes,WOS
seaplane_base,Powell Lake Seaplane Base,49.887335,-124.53372,CA,yes,WPL
medium_airport,Whangarei Airport,-35.769253,174.363713,NZ,yes,WRE
medium_airport,Wrangell Airport,56.48429871,-132.3699951,US,yes,WRG
large_airport,Copernicus Wrocław Airport,51.103719,16.882096,PL,yes,WRO
small_airport,Westray Airport,59.350475,-2.950062,GB,yes,WRY
large_airport,[Duplicate] Western Sydney International Airport,-33.88806,150.71472,AU,yes,WSI
small_airport,Chongqing Wushan Airport,31.06896,109.708958,CN,yes,WSK
small_airport,South Naknek Number 2 Airport,58.702362,-157.005444,US,yes,WSN
medium_airport,Westerly State Airport,41.349602,-71.803398,US,yes,WST
seaplane_base,Westsound/WSX Seaplane Base,48.617901,-122.956903,US,yes,WSX
medium_airport,Westport Airport,-41.737111,171.579033,NZ,yes,WSZ
small_airport,Tambohorano Airport,-17.476101,43.972801,MG,yes,WTA
large_airport,Toowoomba Wellcamp Airport,-27.558332,151.793335,AU,yes,WTB
small_airport,Wotje Airport,9.458333,170.238611,MH,yes,WTE
small_airport,Noatak Airport,67.561241,-162.980461,US,yes,WTK
small_airport,Tuntutuliak Airport,60.351243,-162.654476,US,yes,WTL
small_airport,Wotho Island Airport,10.1733,166.003006,MH,yes,WTO
medium_airport,Wuhai Airport,39.7934,106.7993,CN,yes,WUA
large_airport,Wuhan Tianhe International Airport,30.774798,114.213723,CN,yes,WUH
medium_airport,Wiluna Airport,-26.629199981689453,120.22100067138672,AU,yes,WUN
medium_airport,Nanping Wuyishan Airport,27.7019,118.000999,CN,yes,WUS
small_airport,Xinzhou Wutaishan Airport,38.597456,112.969173,CN,yes,WUT
medium_airport,Wau Airport,7.72583,27.975,SS,yes,WUU
large_airport,Sunan Shuofang International Airport,31.496952,120.43038,CN,yes,WUX
medium_airport,Wuzhou Xijiang Airport,23.40316,111.09331,CN,yes,WUZ
large_airport,Walvis Bay International Airport,-22.979332,14.647102,NA,yes,WVB
medium_airport,Wewak International Airport,-3.58383011818,143.669006348,PG,yes,WWK
seaplane_base,Whale Pass Seaplane Float Harbor Facility,56.116299,-133.121994,US,yes,WWP
small_airport,Mertarvik Airport,60.81037,-164.499511,US,yes,WWT
small_airport,Wanzhou Wuqiao Airport,30.8017,108.433,CN,yes,WXN
medium_airport,Whyalla Airport,-33.05889892578125,137.51400756835938,AU,yes,WYA
medium_airport,Yellowstone Airport,44.6884,-111.117996,US,yes,WYS
medium_airport,Xinyang Minggang Airport,32.540819,114.079141,CN,yes,XAI
medium_airport,Serafin Enoss Bertaso Airport,-27.134199,-52.656601,BR,yes,XAP
small_airport,Bearskin Lake Airport,53.965599060058594,-91.0271987915039,CA,yes,XBE
large_airport,Birjand International Airport,32.896525,59.281258,IR,yes,XBJ
medium_airport,Christmas Island International Airport,-10.450387,105.6911,CX,yes,XCH
medium_airport,Chalons Vatry airport,48.77333,4.20611,FR,yes,XCR
heliport,Tasiusaq Heliport,60.194305,-44.813447,GL,yes,XEQ
medium_airport,Xiangyang Liuji Airport,32.152222,112.291666,CN,yes,XFN
small_airport,Kangiqsualujjuaq (Georges River) Airport,58.711399,-65.992798,CA,yes,XGR
medium_airport,Xichang Qingshan Airport,27.9891,102.183998,CN,yes,XIC
medium_airport,Xilinhot Airport,43.91559982299805,115.96399688720703,CN,yes,XIL
heliport,Ilimanaq Heliport,69.080915,-51.114315,GL,yes,XIQ
large_airport,Xi'an Xianyang International Airport,34.442207,108.762385,CN,yes,XIY
small_airport,Xieng Khouang Airport,19.450001,103.157997,LA,yes,XKH
medium_airport,Kasabonika Airport,53.52470016479492,-88.6427993774414,CA,yes,XKS
small_airport,Lac Brochet Airport,58.614279,-101.468954,CA,yes,XLB
medium_airport,Manihi Airport,-14.436800003051758,-146.07000732421875,PF,yes,XMH
large_airport,Xiamen Gaoqi International Airport,24.543889,118.127454,CN,yes,XMN
medium_airport,Coronel E Carvajal Airport,-2.2991700172424316,-78.12079620361328,EC,yes,XMS
small_airport,Yam Island Airport,-9.899187,142.774265,AU,yes,XMY
medium_airport,Northwest Arkansas National Airport,36.281898,-94.306801,US,yes,XNA
large_airport,Xining Caojiabao International Airport,36.52775,102.040215,CN,yes,XNN
small_airport,Pukatawagan Airport,55.749199,-101.265999,CA,yes,XPK
large_airport,Palmerola International Airport,14.3824,-87.621201,HN,yes,XPL
medium_airport,Quepos Managua Airport,9.44316,-84.129799,CR,yes,XQP
medium_airport,Qualicum Beach Airport,49.337456,-124.393086,CA,yes,XQU
medium_airport,Jerez Airport,36.744598,-6.06011,ES,yes,XRY
medium_airport,South Caicos Airport,21.515699,-71.528503,TC,yes,XSC
small_airport,South Indian Lake Airport,56.792801,-98.907204,CA,yes,XSI
medium_airport,Seletar Airport,1.41555,103.86673,SG,yes,XSP
medium_airport,Thargomindah Airport,-27.986368,143.812065,AU,yes,XTG
small_airport,Tadoule Lake Airport,58.706308,-98.511057,CA,yes,XTL
medium_airport,Xuzhou Guanyin International Airport,34.059056,117.555278,CN,yes,XUZ
medium_airport,Williston Basin International Airport,48.260863,-103.75116,US,yes,XWA
small_airport,Yandina Airport,-9.092816,159.21841,SB,yes,XYA
medium_airport,Anahim Lake Airport,52.451501,-125.303776,CA,yes,YAA
small_airport,Arctic Bay Airport,73.006101,-85.04616,CA,yes,YAB
small_airport,Cat Lake Airport,51.7272,-91.824402,CA,yes,YAC
medium_airport,Fort Frances Municipal Airport,48.655749,-93.44349,CA,yes,YAG
seaplane_base,Lyall Harbour Seaplane Base,48.795274,-123.181801,CA,yes,YAJ
medium_airport,Yakutat Airport,59.508717,-139.660435,US,yes,YAK
small_airport,Alert Bay Airport,50.582199,-126.916,CA,yes,YAL
medium_airport,Sault Ste Marie Airport,46.483216,-84.508467,CA,yes,YAM
large_airport,Yap International Airport,9.49891,138.082993,FM,yes,YAP
seaplane_base,Maple Bay Seaplane Base,48.8167,-123.6084,CA,yes,YAQ
small_airport,Yasawa Island Airport,-16.7589,177.544998,FJ,yes,YAS
small_airport,Attawapiskat Airport,52.927502,-82.4319,CA,yes,YAT
seaplane_base,Mayne Island Seaplane Base,48.852241,-123.301982,CA,yes,YAV
small_airport,Wapekeka Airport,53.84920120239258,-89.57939910888672,CA,yes,YAX
medium_airport,St. Anthony Airport,51.391909,-56.08321,CA,yes,YAY
medium_airport,Tofino / Long Beach Airport,49.079833,-125.775583,CA,yes,YAZ
small_airport,Kugaaruk Airport,68.535711,-89.805508,CA,yes,YBB
medium_airport,Baie-Comeau Airport,49.1325,-68.204399,CA,yes,YBC
small_airport,Uranium City Airport,59.561401,-108.481003,CA,yes,YBE
seaplane_base,Bamfield Seaplane Base,48.835967,-125.137453,CA,yes,YBF
medium_airport,Saguenay-Bagotville Airport,48.330123,-70.992012,CA,yes,YBG
small_airport,Black Tickle Airport,53.469836,-55.787501,CA,yes,YBI
medium_airport,Baker Lake Airport,64.29889678960001,-96.077796936,CA,yes,YBK
medium_airport,Campbell River Airport,49.950802,-125.271004,CA,yes,YBL
medium_airport,Yibin Wuliangye Airport,28.858431,104.526157,CN,yes,YBP
seaplane_base,Telegraph Harbour Seaplane Base,48.97,-123.664,CA,yes,YBQ
medium_airport,Brandon Municipal Airport,49.91,-99.951897,CA,yes,YBR
small_airport,Brochet Airport,57.8894,-101.679001,CA,yes,YBT
small_airport,Berens River Airport,52.358898,-97.018303,CA,yes,YBV
seaplane_base,Bedwell Harbour Seaplane Base,48.75,-123.233002,CA,yes,YBW
medium_airport,Lourdes-de-Blanc-Sablon Airport,51.4436,-57.185299,CA,yes,YBX
medium_airport,Bonnyville Airport,54.304199,-110.744003,CA,yes,YBY
medium_airport,Cambridge Bay Airport,69.1081008911,-105.138000488,CA,yes,YCB
medium_airport,Nanaimo Airport,49.05497,-123.869863,CA,yes,YCD
medium_airport,Castlegar/West Kootenay Regional Airport,49.296398,-117.632004,CA,yes,YCG
small_airport,Tommy Kochon Airport,67.02015,-126.128364,CA,yes,YCK
medium_airport,Charlo Airport,47.990799,-66.330299,CA,yes,YCL
medium_airport,Niagara District Airport,43.191598,-79.171686,CA,yes,YCM
small_airport,Kugluktuk Airport,67.816408,-115.14307,CA,yes,YCO
small_airport,Cross Lake (Charlie Sinclair Memorial) Airport,54.609758,-97.762442,CA,yes,YCR
small_airport,Chesterfield Inlet Airport,63.346901,-90.731102,CA,yes,YCS
large_airport,Yuncheng Yanhu International Airport,35.117823,111.034023,CN,yes,YCU
small_airport,Clyde River Airport,70.486099,-68.516701,CA,yes,YCY
medium_airport,Dawson City Airport,64.04309844970703,-139.1280059814453,CA,yes,YDA
medium_airport,Deer Lake Airport,49.208159,-57.396147,CA,yes,YDF
small_airport,Dease Lake Airport,58.422199,-130.031998,CA,yes,YDL
medium_airport,Dauphin Barker Airport,51.1008,-100.052002,CA,yes,YDN
small_airport,Nain Airport,56.550778,-61.682224,CA,yes,YDP
small_airport,Bloodvein River Airport,51.784568,-96.692305,CA,yes,YDV
large_airport,Edmonton International Airport,53.3097,-113.580002,CA,yes,YEG
medium_airport,Bursa Yenişehir Airport,40.255199,29.562599,TR,yes,YEI
small_airport,Arviat Airport,61.0942,-94.070801,CA,yes,YEK
small_airport,Fort Severn Airport,56.018902,-87.676102,CA,yes,YER
medium_airport,Inuvik Mike Zubko Airport,68.30419921880001,-133.483001709,CA,yes,YEV
small_airport,Fort Albany Airport,52.203451,-81.695194,CA,yes,YFA
medium_airport,Iqaluit Airport,63.756402,-68.555801,CA,yes,YFB
medium_airport,Fredericton International Airport,45.868697,-66.529891,CA,yes,YFC
small_airport,Fort Hope Airport,51.561901,-87.907799,CA,yes,YFH
small_airport,Wekweètì Airport,64.190804,-114.077002,CA,yes,YFJ
small_airport,Flin Flon Airport,54.678101,-101.681999,CA,yes,YFO
medium_airport,Fort Simpson Airport,61.76020050048828,-121.23699951171875,CA,yes,YFS
small_airport,St. Lewis (Fox Harbour) Airport,52.372799,-55.673901,CA,yes,YFX
seaplane_base,Ganges Seaplane Base,48.8545,-123.4969,CA,yes,YGG
small_airport,Fort Good Hope Airport,66.240658,-128.647757,CA,yes,YGH
medium_airport,Yonago Kitaro Airport / JASDF Miho Air Base,35.492199,133.235992,JP,yes,YGJ
medium_airport,La Grande Rivière Airport,53.625301361083984,-77.7042007446289,CA,yes,YGL
seaplane_base,Greenway Sound Seaplane Base,50.839,-126.775,CA,yes,YGN
small_airport,Gods Lake Narrows Airport,54.55768,-94.490061,CA,yes,YGO
medium_airport,Michel-Pouliot Gaspé Airport,48.774915,-64.481893,CA,yes,YGP
medium_airport,Îles-de-la-Madeleine Airport,47.425242,-61.778612,CA,yes,YGR
small_airport,Igloolik Airport,69.3647,-81.816101,CA,yes,YGT
medium_airport,Havre-Saint-Pierre Airport,50.281898,-63.611401,CA,yes,YGV
medium_airport,Kuujjuarapik Airport,55.281898498535156,-77.76529693603516,CA,yes,YGW
small_airport,Gillam Airport,56.35712,-94.711504,CA,yes,YGX
small_airport,Grise Fiord Airport,76.425823,-82.908583,CA,yes,YGZ
small_airport,Port Hope Simpson Airport,52.528099060058594,-56.28609848022461,CA,yes,YHA
small_airport,Charlottetown Airport,52.765774,-56.11237,CA,yes,YHG
seaplane_base,Campbell River Seaplane Base,50.049999,-125.25,CA,yes,YHH
small_airport,Ulukhaktok Holman Airport,70.762802,-117.806,CA,yes,YHI
small_airport,Gjoa Haven Airport,68.635597,-95.849701,CA,yes,YHK
medium_airport,John C. Munro Hamilton International Airport,43.17348,-79.931185,CA,yes,YHM
small_airport,Hopedale Airport,55.448757,-60.228124,CA,yes,YHO
small_airport,Poplar Hill Airport,52.1133,-94.2556,CA,yes,YHP
small_airport,Chevery Airport,50.468322,-59.637823,CA,yes,YHR
medium_airport,Montréal / Saint-Hubert Metropolitan Airport,45.517502,-73.416901,CA,yes,YHU
medium_airport,Hay River / Merlyn Carter Airport,60.8396987915,-115.782997131,CA,yes,YHY
large_airport,Halifax / Stanfield International Airport,44.8807983398,-63.5085983276,CA,yes,YHZ
large_airport,Yogyakarta International Airport,-7.905338,110.057264,ID,yes,YIA
medium_airport,Yichun Mingyueshan Airport,27.8025,114.3062,CN,yes,YIC
medium_airport,Arxan Yi'ershi Airport,47.3106,119.9117,CN,yes,YIE
medium_airport,St Augustin Airport,51.2117,-58.658298,CA,yes,YIF
seaplane_base,Big Bay Seaplane Base,50.3923,-125.1372,CA,yes,YIG
medium_airport,Yichang Sanxia Airport,30.554132,111.482563,CN,yes,YIH
small_airport,Ivujivik Airport,62.417301,-77.925301,CA,yes,YIK
medium_airport,Ili Yining International Airport,43.955799,81.330299,CN,yes,YIN
small_airport,Pond Inlet Airport,72.689494,-77.968941,CA,yes,YIO
medium_airport,Island Lake Airport,53.857200622558594,-94.65360260009766,CA,yes,YIV
large_airport,Yiwu Airport,29.342095,120.03116,CN,yes,YIW
medium_airport,Stephenville Dymond International Airport,48.54339,-58.552892,CA,yes,YJT
medium_airport,Kamloops John Moose Fulton Field Regional Airport,50.703038,-120.448641,CA,yes,YKA
medium_airport,Region of Waterloo International Airport,43.4608,-80.378601,CA,yes,YKF
small_airport,Kangirsuk Airport,60.027199,-69.999199,CA,yes,YKG
medium_airport,Yingkou Lanqi Airport,40.542524,122.3586,CN,yes,YKH
medium_airport,Schefferville Airport,54.805301666259766,-66.8052978515625,CA,yes,YKL
medium_airport,Yakima Air Terminal McAllister Field,46.56819916,-120.5439987,US,yes,YKM
medium_airport,Hakkari Yüksekova Airport,37.5497,44.2381,TR,yes,YKO
small_airport,Waskaganish Airport,51.473301,-78.758301,CA,yes,YKQ
large_airport,Platon Oyunsky Yakutsk International Airport,62.0933,129.770996,RU,yes,YKS
small_airport,Chisasibi Airport,53.805599212646484,-78.91690063476562,CA,yes,YKU
small_airport,Kimmirut Airport,62.848253,-69.877853,CA,yes,YLC
small_airport,Whatì Airport,63.131699,-117.246002,CA,yes,YLE
small_airport,Lansdowne House Airport,52.195599,-87.934196,CA,yes,YLH
medium_airport,Barrie-Lake Simcoe Regional Airport,44.485056,-79.554663,CA,yes,YLK
medium_airport,Lloydminster Airport,53.3092,-110.072998,CA,yes,YLL
large_airport,Kelowna International Airport,49.9561,-119.377998,CA,yes,YLW
medium_airport,Yulin Fumian Airport,22.433042,110.119996,CN,yes,YLX
seaplane_base,Montague Harbour Seaplane Base,48.89225,-123.39215,CA,yes,YMF
small_airport,Mary's Harbour Airport,52.302837,-55.847433,CA,yes,YMH
medium_airport,Fort McMurray International Airport,56.653301,-111.222,CA,yes,YMM
small_airport,Makkovik Airport,55.077335,-59.187942,CA,yes,YMN
medium_airport,Moosonee Airport,51.291099548339844,-80.60780334472656,CA,yes,YMO
small_airport,Port McNeill Airport,50.57348,-127.027702,CA,yes,YMP
medium_airport,Moises Benzaquen Rengifo Airport,-5.89377,-76.118202,PE,yes,YMS
medium_airport,Chapais Airport,49.77190017700195,-74.5280990600586,CA,yes,YMT
medium_airport,Montreal Mirabel International Airport,45.679501,-74.038696,CA,yes,YMX
medium_airport,Natashquan Airport,50.190114,-61.78898,CA,yes,YNA
large_airport,Prince Abdulmohsen Bin Abdulaziz International Airport,24.144199,38.0634,SA,yes,YNB
small_airport,Wemindji Airport,53.010601,-78.8311,CA,yes,YNC
medium_airport,Ottawa / Gatineau Airport,45.521702,-75.563599,CA,yes,YND
small_airport,Norway House Airport,53.958302,-97.8442,CA,yes,YNE
medium_airport,Yanji Chaoyangchuan Airport,42.8828010559,129.451004028,CN,yes,YNJ
medium_airport,Points North Landing Airport,58.27669906616211,-104.08200073242188,CA,yes,YNL
small_airport,North Spirit Lake Airport,52.4900016784668,-92.97109985351562,CA,yes,YNO
small_airport,Natuashish Airport,55.913898,-61.184399,CA,yes,YNP
small_airport,Nemiscau Airport,51.691101,-76.135597,CA,yes,YNS
large_airport,Yantai Penglai International Airport,37.659724,120.978124,CN,yes,YNT
large_airport,Yangyang International Airport,38.060481,128.669822,KR,yes,YNY
large_airport,Yancheng Nanyang International Airport,33.428317,120.20545,CN,yes,YNZ
small_airport,Old Crow Airport,67.570602,-139.839005,CA,yes,YOC
small_airport,Ogoki Post Airport,51.6585998535,-85.9017028809,CA,yes,YOG
small_airport,Oxford House Airport,54.9333,-95.2789,CA,yes,YOH
medium_airport,High Level Airport,58.62139892578125,-117.16500091552734,CA,yes,YOJ
medium_airport,Yola Airport,9.257550239562988,12.430399894714355,NG,yes,YOL
small_airport,Yongphulla Airport,27.25627,91.514633,BT,yes,YON
large_airport,Ottawa Macdonald-Cartier International Airport,45.322498,-75.669197,CA,yes,YOW
medium_airport,Prince Albert Glass Field,53.214199066199996,-105.672996521,CA,yes,YPA
small_airport,Paulatuk (Nora Aliqatchialuk Ruben) Airport,69.360838,-124.07547,CA,yes,YPC
medium_airport,Peace River Airport,56.226898,-117.446999,CA,yes,YPE
small_airport,Inukjuak Airport,58.471901,-78.076897,CA,yes,YPH
small_airport,Aupaluk Airport,59.2967,-69.599701,CA,yes,YPJ
medium_airport,Pickle Lake Airport,51.4463996887207,-90.21420288085938,CA,yes,YPL
small_airport,Pikangikum Airport,51.819698,-93.973297,CA,yes,YPM
medium_airport,Port-Menier Airport,49.836399,-64.288597,CA,yes,YPN
small_airport,Peawanuck Airport,54.987932,-85.442648,CA,yes,YPO
medium_airport,Peterborough Regional Airport,44.232251,-78.362053,CA,yes,YPQ
medium_airport,Prince Rupert Airport,54.286098480199996,-130.445007324,CA,yes,YPR
medium_airport,Powell River Airport,49.83420181274414,-124.5,CA,yes,YPW
medium_airport,Puvirnituq Airport,60.050598,-77.286903,CA,yes,YPX
medium_airport,Fort Chipewyan Airport,58.7672004699707,-111.11699676513672,CA,yes,YPY
medium_airport,Burns Lake Airport,54.3764,-125.950996,CA,yes,YPZ
medium_airport,Muskoka Airport,44.975376,-79.306546,CA,yes,YQA
large_airport,Quebec Jean Lesage International Airport,46.7911,-71.393303,CA,yes,YQB
small_airport,Quaqtaq Airport,61.046398,-69.617798,CA,yes,YQC
medium_airport,The Pas Airport,53.97140121459961,-101.09100341796875,CA,yes,YQD
medium_airport,Windsor International Airport,42.2756,-82.955597,CA,yes,YQG
medium_airport,Watson Lake Airport,60.116839,-128.821993,CA,yes,YQH
medium_airport,Kenora Airport,49.788299560546875,-94.36309814453125,CA,yes,YQK
medium_airport,Lethbridge County Airport,49.6302986145,-112.800003052,CA,yes,YQL
medium_airport,Greater Moncton Roméo LeBlanc International Airport,46.113189,-64.67719,CA,yes,YQM
medium_airport,Nakina Airport,50.18280029296875,-86.69640350341797,CA,yes,YQN
medium_airport,Comox Valley International Airport / CFB Comox,49.7108,-124.887001,CA,yes,YQQ
medium_airport,Regina International Airport,50.431938,-104.660906,CA,yes,YQR
medium_airport,Thunder Bay International Airport,48.371899,-89.323898,CA,yes,YQT
medium_airport,Grande Prairie Airport,55.1796989441,-118.885002136,CA,yes,YQU
medium_airport,Gander International Airport,48.936258,-54.567719,CA,yes,YQX
medium_airport,Sydney / J.A. Douglas McCurdy Airport,46.161072,-60.049759,CA,yes,YQY
medium_airport,Quesnel Airport,53.026100158691406,-122.51000213623047,CA,yes,YQZ
small_airport,Rae Lakes Airport,64.116096,-117.309998,CA,yes,YRA
medium_airport,Resolute Bay Airport,74.7169036865,-94.9693984985,CA,yes,YRB
small_airport,Cartwright Airport,53.682501,-57.042303,CA,yes,YRF
small_airport,Rigolet Airport,54.1796989440918,-58.45750045776367,CA,yes,YRG
medium_airport,Roberval Airport,48.519665,-72.265735,CA,yes,YRJ
medium_airport,Red Lake Airport,51.066898345947266,-93.79309844970703,CA,yes,YRL
medium_airport,Ottawa / Rockcliffe Airport,45.460496,-75.644001,CA,yes,YRO
small_airport,Red Sucker Lake Airport,54.167198,-93.557198,CA,yes,YRS
medium_airport,Rankin Inlet Airport,62.8114013672,-92.1157989502,CA,yes,YRT
medium_airport,Sudbury Airport,46.625,-80.79889678955078,CA,yes,YSB
medium_airport,Stony Rapids Airport,59.250301361083984,-105.84100341796875,CA,yes,YSF
small_airport,Lutselk'e Airport,62.417823,-110.682793,CA,yes,YSG
medium_airport,Saint John Airport,45.31610107421875,-65.89029693603516,CA,yes,YSJ
small_airport,Sanikiluaq Airport,56.536891,-79.250221,CA,yes,YSK
medium_airport,Saint-Léonard Airport,47.157097,-67.836242,CA,yes,YSL
medium_airport,Fort Smith Airport,60.020302,-111.961998,CA,yes,YSM
small_airport,Postville Airport,54.9105,-59.78507,CA,yes,YSO
medium_airport,Songyuan Chaganhu Airport,44.931143,124.552121,CN,yes,YSQ
small_airport,St. Theresa Point Airport,53.845261,-94.851966,CA,yes,YST
small_airport,Sachs Harbour (David Nasogaluak Jr. Saaryuaq) Airport,71.993896,-125.242996,CA,yes,YSY
small_airport,Cape Dorset Airport,64.230003,-76.526703,CA,yes,YTE
seaplane_base,Sullivan Bay Seaplane Base,50.885359,-126.831069,CA,yes,YTG
medium_airport,Thompson Airport,55.80110168457031,-97.86419677734375,CA,yes,YTH
small_airport,Big Trout Lake Airport,53.817799,-89.896896,CA,yes,YTL
seaplane_base,Tofino Harbour Seaplane Base,49.155,-125.91,CA,yes,YTP
small_airport,Tasiujaq Airport,58.667801,-69.955803,CA,yes,YTQ
medium_airport,Timmins/Victor M. Power,48.569698333699996,-81.376701355,CA,yes,YTS
small_airport,Yutian Wanfang Airport,36.8085,81.7827,CN,yes,YTW
medium_airport,Yangzhou Taizhou Airport,32.5634,119.7198,CN,yes,YTY
medium_airport,Billy Bishop Toronto City Airport,43.627852,-79.39553,CA,yes,YTZ
small_airport,Umiujaq Airport,56.536098,-76.518303,CA,yes,YUD
large_airport,Montreal / Pierre Elliott Trudeau International Airport,45.467837,-73.742294,CA,yes,YUL
medium_airport,Yuma International Airport / Marine Corps Air Station Yuma,32.650938,-114.609375,US,yes,YUM
medium_airport,Yushu Batang Airport,32.836389,97.036389,CN,yes,YUS
small_airport,Naujaat Airport,66.521024,-86.225166,CA,yes,YUT
medium_airport,Hall Beach Airport,68.7761,-81.2425,CA,yes,YUX
medium_airport,Rouyn Noranda Airport,48.20610046386719,-78.83560180664062,CA,yes,YUY
medium_airport,Bonaventure Airport,48.071098,-65.460297,CA,yes,YVB
medium_airport,La Ronge Airport,55.151401519800004,-105.262001038,CA,yes,YVC
small_airport,Qikiqtarjuaq Airport,67.54656,-64.03141,CA,yes,YVM
medium_airport,Val-d'Or Airport,48.0532989502,-77.7827987671,CA,yes,YVO
medium_airport,Kuujjuaq Airport,58.096099853515625,-68.4269027709961,CA,yes,YVP
medium_airport,Norman Wells Airport,65.28160095214844,-126.7979965209961,CA,yes,YVQ
large_airport,Vancouver International Airport,49.193901,-123.183998,CA,yes,YVR
medium_airport,Wiarton Airport,44.7458,-81.107201,CA,yes,YVV
small_airport,Deer Lake Airport,52.655613,-94.061208,CA,yes,YVZ
small_airport,Kangiqsujuaq (Wakeham Bay) Airport,61.5886,-71.929398,CA,yes,YWB
large_airport,Winnipeg / James Armstrong Richardson International Airport,49.909999847399995,-97.2398986816,CA,yes,YWG
seaplane_base,Victoria Harbour Seaplane Base,48.423782,-123.37198,CA,yes,YWH
small_airport,Déline Airport,65.211098,-123.435997,CA,yes,YWJ
medium_airport,Wabush Airport,52.92190170288086,-66.8644027709961,CA,yes,YWK
medium_airport,Williams Lake Airport,52.1831016541,-122.054000854,CA,yes,YWL
small_airport,Williams Harbour Airport,52.567377,-55.784883,CA,yes,YWM
small_airport,Webequie Airport,52.959393,-87.374868,CA,yes,YWP
seaplane_base,Whistler/Green Lake Water Aerodrome,50.1436004639,-122.948997498,CA,yes,YWS
medium_airport,Cranbrook/Canadian Rockies International Airport,49.610802,-115.781998,CA,yes,YXC
large_airport,Saskatoon John G. Diefenbaker International Airport,52.170723,-106.700793,CA,yes,YXE
medium_airport,Medicine Hat Regional Airport,50.018902,-110.721001,CA,yes,YXH
medium_airport,Fort St John / North Peace Regional Airport,56.238098,-120.739998,CA,yes,YXJ
medium_airport,Rimouski Airport,48.477644,-68.496323,CA,yes,YXK
medium_airport,Sioux Lookout Airport,50.11389923095703,-91.9052963256836,CA,yes,YXL
small_airport,Whale Cove Airport,62.240002,-92.598099,CA,yes,YXN
small_airport,Pangnirtung Airport,66.144878,-65.713606,CA,yes,YXP
medium_airport,Prince George (International) Airport,53.884311,-122.666554,CA,yes,YXS
medium_airport,Northwest Regional Airport Terrace-Kitimat,54.468498,-128.576009,CA,yes,YXT
medium_airport,London International Airport,43.032845,-81.149003,CA,yes,YXU
medium_airport,Abbotsford International Airport,49.025299,-122.361,CA,yes,YXX
medium_airport,Whitehorse / Erik Nielsen International Airport,60.708533,-135.065705,CA,yes,YXY
medium_airport,Yueyang Sanhe Airport,29.311699,113.281574,CN,yes,YYA
medium_airport,North Bay Jack Garland Airport,46.363602,-79.422798,CA,yes,YYB
large_airport,Calgary International Airport,51.118822,-114.009933,CA,yes,YYC
medium_airport,Smithers Airport,54.82469940185547,-127.18299865722656,CA,yes,YYD
medium_airport,Fort Nelson Airport,58.8363990784,-122.597000122,CA,yes,YYE
medium_airport,Penticton Airport,49.46310043334961,-119.60199737548828,CA,yes,YYF
medium_airport,Charlottetown Airport,46.288911,-63.125174,CA,yes,YYG
small_airport,Taloyoak Airport,69.5467,-93.576698,CA,yes,YYH
large_airport,Victoria International Airport,48.647201,-123.427792,CA,yes,YYJ
medium_airport,Lynn Lake Airport,56.86389923095703,-101.07599639892578,CA,yes,YYL
medium_airport,Churchill Airport,58.739200592041016,-94.06500244140625,CA,yes,YYQ
medium_airport,Goose Bay Airport,53.3191986084,-60.4258003235,CA,yes,YYR
large_airport,St. John's International Airport,47.618599,-52.7519,CA,yes,YYT
medium_airport,Mont Joli Airport,48.60860061645508,-68.20809936523438,CA,yes,YYY
large_airport,Toronto Pearson International Airport,43.675935,-79.629421,CA,yes,YYZ
medium_airport,Yellowknife International Airport,62.462799,-114.440002,CA,yes,YZF
small_airport,Salluit Airport,62.179401,-75.667198,CA,yes,YZG
medium_airport,Sandspit Airport,53.25429916379999,-131.813995361,CA,yes,YZP
medium_airport,Coral Harbour Airport,64.1932983398,-83.3593978882,CA,yes,YZS
medium_airport,Port Hardy Airport,50.680599212646484,-127.36699676513672,CA,yes,YZT
medium_airport,Whitecourt Airport,54.143902,-115.787003,CA,yes,YZU
medium_airport,Sept-Îles Airport,50.22330093383789,-66.2656021118164,CA,yes,YZV
medium_airport,Zhangye Ganzhou Airport,38.801899,100.675003,CN,yes,YZY
small_airport,Trail Regional Airport,49.055599,-117.609001,CA,yes,YZZ
large_airport,Zadar Airport,44.096986,15.353565,HR,yes,ZAD
large_airport,Zagreb Franjo Tuđman International Airport,45.742901,16.0688,HR,yes,ZAG
large_airport,Zahedan International Airport,29.4757,60.9062,IR,yes,ZAH
medium_airport,Pichoy Airport,-39.6500015259,-73.0860977173,CL,yes,ZAL
large_airport,Zamboanga International Airport,6.92242,122.059998,PH,yes,ZAM
large_airport,Zaragoza Airport,41.666199,-1.04155,ES,yes,ZAZ
medium_airport,Bathurst Airport,47.6297,-65.738899,CA,yes,ZBF
medium_airport,Chabahar Konarak International Airport,25.44319,60.382167,IR,yes,ZBR
medium_airport,General Leobardo C. Ruiz International Airport,22.894942,-102.687154,MX,yes,ZCL
large_airport,La Araucanía International Airport,-38.9259,-72.6515,CL,yes,ZCO
small_airport,Delma Airport,24.51,52.3352,AE,yes,ZDY
medium_airport,Bella Bella (Campbell Island) Airport,52.185001,-128.156994,CA,yes,ZEL
small_airport,Eastmain River Airport,52.226398,-78.522499,CA,yes,ZEM
small_airport,Fond-du-Lac Airport,59.3344,-107.181999,CA,yes,ZFD
small_airport,Zhaosu Tianma Airport,43.088477,81.223013,CN,yes,ZFL
small_airport,Fort Mcpherson Airport,67.406993,-134.860182,CA,yes,ZFM
small_airport,Tulita Airport,64.909496,-125.570297,CA,yes,ZFN
small_airport,Gods River Airport,54.839699,-94.078598,CA,yes,ZGI
small_airport,La Romaine Airport,50.259553,-60.674357,CA,yes,ZGS
large_airport,Zhanjiang Wuchuan International Airport,21.481667,110.590278,CN,yes,ZHA
medium_airport,Zhongwei Shapotou Airport,37.573125,105.154454,CN,yes,ZHY
large_airport,Zhukovsky International Airport,55.553299,38.150002,RU,yes,ZIA
medium_airport,Ziguinchor Airport,12.55559,-16.283298,SN,yes,ZIG
large_airport,Ixtapa-Zihuatanejo International Airport,17.601771,-101.460629,MX,yes,ZIH
medium_airport,Zhigansk Airport,66.7965011597,123.361000061,RU,yes,ZIX
small_airport,Kashechewan Airport,52.282501,-81.677803,CA,yes,ZKE
medium_airport,Zyryanka Airport,65.7485,150.8889,RU,yes,ZKP
medium_airport,Playa de Oro International Airport,19.1448,-104.558998,MX,yes,ZLO
small_airport,La Tabatière Airport,50.8307991027832,-58.97560119628906,CA,yes,ZLT
medium_airport,Masset Airport,54.0275,-132.125,CA,yes,ZMT
seaplane_base,Nanaimo Harbour Water Aerodrome,49.169813,-123.933845,CA,yes,ZNA
medium_airport,Zinder Airport,13.779000282287598,8.983759880065918,NE,yes,ZND
medium_airport,Newman Airport,-23.417800903299998,119.803001404,AU,yes,ZNE
large_airport,Abeid Amani Karume International Airport,-6.22202,39.224899,TZ,yes,ZNZ
medium_airport,Cañal Bajo Carlos Hott Siebert Airport,-40.611198,-73.060997,CL,yes,ZOS
small_airport,Sachigo Lake Airport,53.890885,-92.195935,CA,yes,ZPB
small_airport,Pucón Airport,-39.292801,-71.915901,CL,yes,ZPC
large_airport,Queenstown Airport,-45.019205,168.746379,NZ,yes,ZQN
medium_airport,Zhangjiakou Ningyuan Airport,40.738664,114.933395,CN,yes,ZQZ
large_airport,Zürich Airport,47.458056,8.548056,CH,yes,ZRH
small_airport,Round Lake (Weagamow Lake) Airport,52.9436,-91.312798,CA,yes,ZRJ
large_airport,San Salvador International Airport,24.063041,-74.523233,BS,yes,ZSA
large_airport,Saint-Pierre Pierrefonds Airport,-21.319362,55.422506,RE,yes,ZSE
medium_airport,Sandy Lake Airport,53.06420135498047,-93.34439849853516,CA,yes,ZSJ
small_airport,Tête-à-la-Baleine Airport,50.674400329589844,-59.38359832763672,CA,yes,ZTB
medium_airport,Zakynthos International Airport Dionysios Solomos,37.7509,20.8843,GR,yes,ZTH
small_airport,Shamattawa Airport,55.86356,-92.081137,CA,yes,ZTM
large_airport,Zhuhai Jinwan Airport,22.006399,113.375999,CN,yes,ZUH
small_airport,Churchill Falls Airport,53.5619010925293,-64.10639953613281,CA,yes,ZUM
small_airport,Wollaston Lake Airport,58.106899,-103.171997,CA,yes,ZWL
medium_airport,Zunyi Xinzhou Airport,27.810723,107.247189,CN,yes,ZYI
large_airport,Osmany International Airport,24.963993,91.864749,BD,yes,ZYL
